id_aluno,ano_referencia,ano_seguinte,evadiu
17,2022,2023,False
761,2022,2023,False
779,2022,2023,True
630,2022,2023,False
211,2022,2023,False
806,2022,2023,False
692,2022,2023,False
347,2022,2023,False
33,2022,2023,True
823,2022,2023,True
330,2022,2023,False
657,2022,2023,False
726,2022,2023,False
431,2022,2023,True
304,2022,2023,False
68,2022,2023,True
671,2022,2023,False
60,2022,2023,True
345,2022,2023,False
467,2022,2023,False
215,2022,2023,False
620,2022,2023,False
156,2022,2023,True
489,2022,2023,True
196,2022,2023,False
407,2022,2023,False
324,2022,2023,False
468,2022,2023,False
787,2022,2023,False
34,2022,2023,False
679,2022,2023,False
185,2022,2023,True
21,2022,2023,False
559,2022,2023,False
654,2022,2023,True
525,2022,2023,False
163,2022,2023,True
439,2022,2023,True
821,2022,2023,True
536,2022,2023,False
426,2022,2023,False
568,2022,2023,False
663,2022,2023,False
236,2022,2023,False
641,2022,2023,True
144,2022,2023,False
151,2022,2023,False
796,2022,2023,False
523,2022,2023,True
503,2022,2023,False
633,2022,2023,False
543,2022,2023,False
698,2022,2023,False
842,2022,2023,False
98,2022,2023,False
771,2022,2023,False
52,2022,2023,False
502,2022,2023,False
237,2022,2023,False
340,2022,2023,False
601,2022,2023,False
811,2022,2023,True
790,2022,2023,False
203,2022,2023,True
745,2022,2023,False
235,2022,2023,True
700,2022,2023,False
105,2022,2023,True
575,2022,2023,True
764,2022,2023,False
312,2022,2023,True
199,2022,2023,False
756,2022,2023,False
623,2022,2023,False
485,2022,2023,True
153,2022,2023,False
42,2022,2023,False
276,2022,2023,False
225,2022,2023,True
400,2022,2023,False
146,2022,2023,False
27,2022,2023,False
672,2022,2023,False
160,2022,2023,False
361,2022,2023,True
82,2022,2023,True
772,2022,2023,False
653,2022,2023,False
683,2022,2023,True
300,2022,2023,False
662,2022,2023,False
690,2022,2023,False
743,2022,2023,False
305,2022,2023,False
674,2022,2023,False
337,2022,2023,True
157,2022,2023,False
403,2022,2023,False
557,2022,2023,False
424,2022,2023,False
172,2022,2023,False
727,2022,2023,False
622,2022,2023,True
430,2022,2023,False
615,2022,2023,False
229,2022,2023,False
257,2022,2023,True
355,2022,2023,True
570,2022,2023,False
191,2022,2023,False
353,2022,2023,False
384,2022,2023,False
549,2022,2023,False
59,2022,2023,False
306,2022,2023,False
103,2022,2023,False
376,2022,2023,False
650,2022,2023,True
70,2022,2023,False
35,2022,2023,False
760,2022,2023,False
719,2022,2023,False
150,2022,2023,True
481,2022,2023,True
351,2022,2023,True
631,2022,2023,False
85,2022,2023,False
329,2022,2023,True
444,2022,2023,False
495,2022,2023,False
386,2022,2023,False
677,2022,2023,False
655,2022,2023,False
79,2022,2023,False
847,2022,2023,False
479,2022,2023,False
515,2022,2023,True
526,2022,2023,False
369,2022,2023,False
624,2022,2023,False
111,2022,2023,False
219,2022,2023,True
301,2022,2023,False
31,2022,2023,False
13,2022,2023,False
333,2022,2023,True
769,2022,2023,False
1,2022,2023,False
64,2022,2023,False
552,2022,2023,False
6,2022,2023,False
628,2022,2023,False
110,2022,2023,False
239,2022,2023,False
748,2022,2023,False
530,2022,2023,False
342,2022,2023,False
81,2022,2023,False
76,2022,2023,False
798,2022,2023,False
678,2022,2023,False
214,2022,2023,True
494,2022,2023,False
61,2022,2023,False
176,2022,2023,False
849,2022,2023,True
411,2022,2023,False
814,2022,2023,False
836,2022,2023,False
453,2022,2023,True
409,2022,2023,False
88,2022,2023,False
675,2022,2023,False
588,2022,2023,False
41,2022,2023,True
484,2022,2023,False
840,2022,2023,False
578,2022,2023,False
664,2022,2023,False
154,2022,2023,True
332,2022,2023,False
457,2022,2023,False
860,2022,2023,False
651,2022,2023,False
66,2022,2023,True
268,2022,2023,True
108,2022,2023,False
608,2022,2023,False
510,2022,2023,True
519,2022,2023,False
40,2022,2023,False
830,2022,2023,False
137,2022,2023,False
373,2022,2023,False
844,2022,2023,True
824,2022,2023,True
348,2022,2023,False
758,2022,2023,True
3,2022,2023,True
474,2022,2023,False
383,2022,2023,False
39,2022,2023,False
96,2022,2023,False
582,2022,2023,True
159,2022,2023,False
78,2022,2023,False
131,2022,2023,False
544,2022,2023,True
102,2022,2023,True
534,2022,2023,False
73,2022,2023,True
448,2022,2023,True
513,2022,2023,False
267,2022,2023,False
574,2022,2023,False
732,2022,2023,True
632,2022,2023,False
338,2022,2023,False
567,2022,2023,True
610,2022,2023,False
482,2022,2023,True
282,2022,2023,True
298,2022,2023,False
273,2022,2023,False
528,2022,2023,False
807,2022,2023,False
694,2022,2023,True
569,2022,2023,True
402,2022,2023,False
799,2022,2023,False
90,2022,2023,False
478,2022,2023,False
843,2022,2023,True
269,2022,2023,False
625,2022,2023,True
596,2022,2023,True
499,2022,2023,False
375,2022,2023,False
767,2022,2023,False
261,2022,2023,True
579,2022,2023,True
9,2022,2023,True
158,2022,2023,False
585,2022,2023,True
435,2022,2023,True
715,2022,2023,False
832,2022,2023,False
389,2022,2023,False
264,2022,2023,True
656,2022,2023,False
681,2022,2023,False
498,2022,2023,True
319,2022,2023,False
427,2022,2023,True
800,2022,2023,True
247,2022,2023,False
750,2022,2023,False
782,2022,2023,False
716,2022,2023,False
232,2022,2023,True
684,2022,2023,False
84,2022,2023,False
114,2022,2023,False
26,2022,2023,False
661,2022,2023,False
785,2022,2023,False
438,2022,2023,False
245,2022,2023,False
648,2022,2023,True
228,2022,2023,True
147,2022,2023,False
491,2022,2023,False
174,2022,2023,False
533,2022,2023,False
452,2022,2023,True
614,2022,2023,False
443,2022,2023,False
374,2022,2023,False
707,2022,2023,False
388,2022,2023,False
415,2022,2023,False
571,2022,2023,False
180,2022,2023,False
647,2022,2023,False
711,2022,2023,True
859,2022,2023,False
709,2022,2023,False
2,2022,2023,False
122,2022,2023,True
218,2022,2023,False
354,2022,2023,True
377,2022,2023,False
194,2022,2023,True
548,2022,2023,False
759,2022,2023,True
314,2022,2023,True
845,2022,2023,True
149,2022,2023,False
501,2022,2023,False
327,2022,2023,True
747,2022,2023,False
382,2022,2023,False
170,2022,2023,False
231,2022,2023,True
420,2022,2023,False
791,2022,2023,False
541,2022,2023,True
838,2022,2023,True
852,2022,2023,True
599,2022,2023,False
728,2022,2023,True
380,2022,2023,False
138,2022,2023,False
171,2022,2023,False
295,2022,2023,False
858,2022,2023,False
529,2022,2023,False
512,2022,2023,True
446,2022,2023,True
130,2022,2023,True
136,2022,2023,True
117,2022,2023,True
752,2022,2023,False
210,2022,2023,True
161,2022,2023,False
187,2022,2023,False
278,2022,2023,False
16,2022,2023,True
217,2022,2023,False
323,2022,2023,True
53,2022,2023,False
729,2022,2023,False
296,2022,2023,True
74,2022,2023,True
119,2022,2023,False
4,2022,2023,True
783,2022,2023,False
703,2022,2023,False
250,2022,2023,False
669,2022,2023,False
856,2022,2023,False
762,2022,2023,False
708,2022,2023,False
385,2022,2023,True
731,2022,2023,False
405,2022,2023,True
5,2022,2023,False
587,2022,2023,False
822,2022,2023,False
126,2022,2023,True
855,2022,2023,False
577,2022,2023,False
687,2022,2023,False
483,2022,2023,False
537,2022,2023,True
36,2022,2023,False
449,2022,2023,False
63,2022,2023,False
749,2022,2023,False
725,2022,2023,False
260,2022,2023,False
786,2022,2023,True
572,2022,2023,True
562,2022,2023,False
15,2022,2023,True
509,2022,2023,False
660,2022,2023,True
339,2022,2023,False
466,2022,2023,False
695,2022,2023,True
100,2022,2023,True
362,2022,2023,False
272,2022,2023,True
702,2022,2023,False
558,2022,2023,False
230,2022,2023,True
222,2022,2023,True
184,2022,2023,False
850,2022,2023,False
121,2022,2023,False
780,2022,2023,False
123,2022,2023,False
287,2022,2023,False
320,2022,2023,False
629,2022,2023,False
179,2022,2023,False
408,2022,2023,False
134,2022,2023,True
341,2022,2023,True
14,2022,2023,False
583,2022,2023,False
248,2022,2023,True
605,2022,2023,False
274,2022,2023,False
22,2022,2023,True
470,2022,2023,False
746,2022,2023,False
395,2022,2023,False
286,2022,2023,False
775,2022,2023,True
94,2022,2023,False
318,2022,2023,False
637,2022,2023,False
493,2022,2023,False
813,2022,2023,False
86,2022,2023,False
741,2022,2023,False
266,2022,2023,True
794,2022,2023,False
507,2022,2023,True
460,2022,2023,True
132,2022,2023,False
857,2022,2023,False
781,2022,2023,False
837,2022,2023,False
37,2022,2023,True
670,2022,2023,False
363,2022,2023,False
487,2022,2023,False
445,2022,2023,False
521,2022,2023,False
275,2022,2023,True
611,2022,2023,True
80,2022,2023,False
331,2022,2023,False
293,2022,2023,True
128,2022,2023,False
737,2022,2023,False
417,2022,2023,False
643,2022,2023,False
818,2022,2023,False
826,2022,2023,False
437,2022,2023,False
612,2022,2023,False
242,2022,2023,False
456,2022,2023,False
704,2022,2023,False
535,2022,2023,False
617,2022,2023,False
127,2022,2023,False
685,2022,2023,True
141,2022,2023,False
359,2022,2023,False
7,2022,2023,False
243,2022,2023,True
285,2022,2023,False
566,2022,2023,False
423,2022,2023,False
378,2022,2023,True
841,2022,2023,False
718,2022,2023,False
804,2022,2023,False
600,2022,2023,False
613,2022,2023,False
795,2022,2023,False
635,2022,2023,True
357,2022,2023,False
115,2022,2023,False
413,2022,2023,False
734,2022,2023,False
183,2022,2023,False
289,2022,2023,True
586,2022,2023,False
270,2022,2023,False
50,2022,2023,True
45,2022,2023,False
410,2022,2023,False
545,2022,2023,True
638,2022,2023,False
839,2022,2023,True
602,2022,2023,False
532,2022,2023,True
496,2022,2023,False
778,2022,2023,False
469,2022,2023,False
284,2022,2023,True
349,2022,2023,True
609,2022,2023,False
166,2022,2023,False
120,2022,2023,True
253,2022,2023,True
553,2022,2023,True
429,2022,2023,True
680,2022,2023,False
441,2022,2023,True
299,2022,2023,False
720,2022,2023,True
739,2022,2023,False
805,2022,2023,False
419,2022,2023,False
802,2022,2023,False
416,2022,2023,False
32,2022,2023,False
590,2022,2023,False
143,2022,2023,False
367,2022,2023,False
524,2022,2023,False
97,2022,2023,True
51,2022,2023,True
112,2022,2023,False
696,2022,2023,False
547,2022,2023,False
699,2022,2023,False
233,2022,2023,True
271,2022,2023,False
139,2022,2023,True
25,2022,2023,False
461,2022,2023,False
107,2022,2023,False
829,2022,2023,False
291,2022,2023,False
317,2022,2023,True
561,2022,2023,True
603,2022,2023,False
11,2022,2023,True
673,2022,2023,True
723,2022,2023,True
302,2022,2023,False
576,2022,2023,False
406,2022,2023,True
594,2022,2023,False
488,2022,2023,True
207,2022,2023,True
246,2022,2023,False
18,2022,2023,True
190,2022,2023,False
198,2022,2023,True
313,2022,2023,False
500,2022,2023,False
164,2022,2023,False
65,2022,2023,True
770,2022,2023,False
516,2022,2023,False
258,2022,2023,True
372,2022,2023,True
514,2022,2023,False
713,2022,2023,False
816,2022,2023,False
436,2022,2023,False
189,2022,2023,False
205,2022,2023,False
311,2022,2023,True
368,2022,2023,False
733,2022,2023,False
555,2022,2023,False
636,2022,2023,False
808,2022,2023,False
789,2022,2023,False
710,2022,2023,False
531,2022,2023,False
89,2022,2023,False
209,2022,2023,True
619,2022,2023,False
546,2022,2023,False
486,2022,2023,False
774,2022,2023,False
360,2022,2023,False
755,2022,2023,False
763,2022,2023,False
827,2022,2023,False
697,2022,2023,True
69,2022,2023,True
370,2022,2023,True
292,2022,2023,True
606,2022,2023,False
819,2022,2023,False
773,2022,2023,False
476,2022,2023,False
365,2022,2023,False
744,2022,2023,True
538,2022,2023,False
425,2022,2023,False
766,2022,2023,False
281,2022,2023,True
447,2022,2023,True
505,2022,2023,True
62,2022,2023,False
640,2022,2023,False
106,2022,2023,False
67,2022,2023,True
101,2022,2023,True
396,2022,2023,True
560,2022,2023,False
854,2022,2023,False
294,2022,2023,True
87,2022,2023,False
399,2022,2023,False
255,2022,2023,True
193,2022,2023,False
113,2022,2023,True
418,2022,2023,False
56,2022,2023,False
397,2022,2023,False
195,2022,2023,False
201,2022,2023,True
364,2022,2023,False
634,2022,2023,True
71,2022,2023,False
551,2022,2023,False
238,2022,2023,True
440,2022,2023,False
346,2022,2023,False
450,2022,2023,False
477,2022,2023,True
322,2022,2023,False
213,2022,2023,True
522,2022,2023,False
740,2022,2023,False
421,2022,2023,False
492,2022,2023,True
200,2022,2023,False
768,2022,2023,False
344,2022,2023,True
197,2022,2023,False
206,2022,2023,True
256,2022,2023,True
432,2022,2023,False
390,2022,2023,False
777,2022,2023,False
168,2022,2023,False
642,2022,2023,False
92,2022,2023,False
554,2022,2023,True
125,2022,2023,False
701,2022,2023,False
652,2022,2023,False
751,2022,2023,True
835,2022,2023,False
220,2022,2023,False
686,2022,2023,False
645,2022,2023,False
133,2022,2023,False
644,2022,2023,False
177,2022,2023,True
358,2022,2023,True
828,2022,2023,True
464,2022,2023,False
169,2022,2023,True
589,2022,2023,True
48,2022,2023,False
593,2022,2023,True
30,2022,2023,True
290,2022,2023,True
659,2022,2023,True
803,2022,2023,True
473,2022,2023,True
812,2022,2023,False
565,2022,2023,True
394,2022,2023,True
458,2022,2023,False
24,2022,2023,True
834,2022,2023,False
717,2022,2023,False
404,2022,2023,False
682,2022,2023,True
124,2022,2023,True
511,2022,2023,True
627,2022,2023,True
12,2022,2023,False
393,2022,2023,True
221,2022,2023,False
381,2022,2023,False
398,2022,2023,False
57,2022,2023,False
75,2022,2023,True
401,2022,2023,False
518,2022,2023,False
722,2022,2023,False
639,2022,2023,False
649,2022,2023,False
784,2022,2023,False
202,2022,2023,False
742,2022,2023,False
527,2022,2023,False
58,2022,2023,False
55,2022,2023,False
252,2022,2023,True
20,2022,2023,True
325,2022,2023,False
422,2022,2023,False
542,2022,2023,False
454,2022,2023,False
618,2022,2023,False
564,2022,2023,True
738,2022,2023,False
668,2022,2023,False
208,2022,2023,True
520,2022,2023,True
712,2022,2023,False
241,2022,2023,False
38,2022,2023,False
451,2022,2023,False
91,2022,2023,False
356,2022,2023,False
77,2022,2023,True
597,2022,2023,False
604,2022,2023,False
497,2022,2023,False
173,2022,2023,False
28,2022,2023,True
688,2022,2023,False
95,2022,2023,True
263,2022,2023,True
848,2022,2023,True
693,2022,2023,False
667,2022,2023,False
666,2022,2023,False
192,2022,2023,False
46,2022,2023,False
595,2022,2023,False
676,2022,2023,True
240,2022,2023,False
556,2022,2023,False
283,2022,2023,False
366,2022,2023,True
736,2022,2023,False
428,2022,2023,False
792,2022,2023,False
724,2022,2023,True
392,2022,2023,False
254,2022,2023,False
490,2022,2023,False
563,2022,2023,False
433,2022,2023,False
297,2022,2023,True
181,2022,2023,False
307,2022,2023,False
765,2022,2023,True
810,2022,2023,False
109,2022,2023,False
335,2022,2023,True
621,2022,2023,True
573,2022,2023,False
259,2022,2023,True
815,2022,2023,False
371,2022,2023,True
29,2022,2023,False
539,2022,2023,False
182,2022,2023,True
506,2022,2023,False
459,2022,2023,False
825,2022,2023,True
626,2022,2023,False
754,2022,2023,False
793,2022,2023,True
504,2022,2023,False
465,2022,2023,False
226,2022,2023,True
517,2022,2023,False
140,2022,2023,True
462,2022,2023,False
54,2022,2023,True
658,2022,2023,False
540,2022,2023,False
167,2022,2023,False
706,2022,2023,False
148,2022,2023,True
475,2022,2023,True
315,2022,2023,False
216,2022,2023,True
265,2022,2023,False
303,2022,2023,False
93,2022,2023,False
412,2022,2023,False
227,2022,2023,False
316,2022,2023,False
833,2022,2023,False
99,2022,2023,False
350,2022,2023,False
288,2022,2023,True
343,2022,2023,False
391,2022,2023,False
705,2022,2023,False
379,2022,2023,True
223,2022,2023,False
334,2022,2023,True
277,2022,2023,False
853,2022,2023,False
336,2022,2023,False
326,2022,2023,False
352,2022,2023,False
155,2022,2023,False
580,2022,2023,False
809,2022,2023,True
735,2022,2023,False
118,2022,2023,True
251,2022,2023,False
714,2022,2023,False
178,2022,2023,False
262,2022,2023,False
280,2022,2023,False
175,2022,2023,False
116,2022,2023,False
646,2022,2023,False
145,2022,2023,False
472,2022,2023,False
508,2022,2023,False
249,2022,2023,False
616,2022,2023,False
846,2022,2023,False
328,2022,2023,True
162,2022,2023,True
584,2022,2023,False
212,2022,2023,True
321,2022,2023,False
224,2022,2023,True
598,2022,2023,True
689,2022,2023,True
83,2022,2023,True
204,2022,2023,False
607,2022,2023,False
788,2022,2023,False
721,2022,2023,False
550,2022,2023,True
463,2022,2023,False
820,2022,2023,False
480,2022,2023,False
581,2022,2023,False
19,2022,2023,False
414,2022,2023,False
234,2022,2023,False
665,2022,2023,False
730,2022,2023,False
310,2022,2023,True
165,2022,2023,False
831,2022,2023,False
309,2022,2023,True
797,2022,2023,False
186,2022,2023,False
434,2022,2023,False
471,2022,2023,False
23,2022,2023,False
442,2022,2023,False
592,2022,2023,False
152,2022,2023,False
308,2022,2023,False
135,2022,2023,True
72,2022,2023,True
142,2022,2023,True
129,2022,2023,True
387,2022,2023,False
49,2022,2023,False
591,2022,2023,False
753,2022,2023,False
776,2022,2023,False
455,2022,2023,True
244,2022,2023,False
279,2022,2023,False
47,2022,2023,True
691,2022,2023,True
801,2022,2023,False
851,2022,2023,False
8,2022,2023,True
188,2022,2023,True
43,2022,2023,False
817,2022,2023,False
757,2022,2023,False
10,2022,2023,True
104,2022,2023,False
44,2022,2023,False
17,2023,2024,False
761,2023,2024,False
630,2023,2024,False
211,2023,2024,False
806,2023,2024,False
692,2023,2024,True
1230,2023,2024,False
347,2023,2024,False
1211,2023,2024,True
997,2023,2024,True
1131,2023,2024,False
906,2023,2024,True
1265,2023,2024,False
330,2023,2024,True
657,2023,2024,False
726,2023,2024,True
304,2023,2024,False
1065,2023,2024,False
671,2023,2024,True
1094,2023,2024,False
990,2023,2024,False
1140,2023,2024,False
345,2023,2024,True
215,2023,2024,False
467,2023,2024,False
1106,2023,2024,False
620,2023,2024,False
943,2023,2024,False
1184,2023,2024,False
196,2023,2024,False
407,2023,2024,False
324,2023,2024,True
468,2023,2024,True
1155,2023,2024,False
787,2023,2024,False
34,2023,2024,True
679,2023,2024,True
959,2023,2024,False
21,2023,2024,False
559,2023,2024,False
1260,2023,2024,False
525,2023,2024,True
536,2023,2024,False
1087,2023,2024,False
426,2023,2024,False
568,2023,2024,False
663,2023,2024,False
236,2023,2024,False
951,2023,2024,False
144,2023,2024,True
151,2023,2024,True
796,2023,2024,False
908,2023,2024,False
503,2023,2024,False
633,2023,2024,False
543,2023,2024,False
698,2023,2024,False
1047,2023,2024,True
842,2023,2024,False
771,2023,2024,False
52,2023,2024,False
502,2023,2024,False
98,2023,2024,False
237,2023,2024,False
1238,2023,2024,False
340,2023,2024,False
601,2023,2024,False
1005,2023,2024,True
790,2023,2024,False
745,2023,2024,False
977,2023,2024,False
700,2023,2024,False
889,2023,2024,False
929,2023,2024,False
939,2023,2024,False
1069,2023,2024,False
764,2023,2024,False
1124,2023,2024,True
199,2023,2024,False
756,2023,2024,False
623,2023,2024,False
1220,2023,2024,False
153,2023,2024,False
276,2023,2024,True
42,2023,2024,False
1003,2023,2024,False
400,2023,2024,True
1038,2023,2024,False
146,2023,2024,False
27,2023,2024,False
1091,2023,2024,True
160,2023,2024,False
672,2023,2024,False
772,2023,2024,True
1268,2023,2024,False
653,2023,2024,False
690,2023,2024,False
300,2023,2024,True
662,2023,2024,False
743,2023,2024,False
305,2023,2024,False
674,2023,2024,True
1219,2023,2024,True
1129,2023,2024,False
157,2023,2024,False
403,2023,2024,False
1036,2023,2024,False
1215,2023,2024,True
424,2023,2024,False
557,2023,2024,False
879,2023,2024,False
172,2023,2024,False
727,2023,2024,False
430,2023,2024,True
1267,2023,2024,False
1222,2023,2024,True
615,2023,2024,True
1116,2023,2024,False
1089,2023,2024,False
229,2023,2024,False
1214,2023,2024,False
935,2023,2024,False
1270,2023,2024,False
570,2023,2024,False
930,2023,2024,False
1273,2023,2024,False
191,2023,2024,False
353,2023,2024,True
384,2023,2024,False
1154,2023,2024,False
1229,2023,2024,False
1136,2023,2024,False
549,2023,2024,False
59,2023,2024,False
968,2023,2024,False
306,2023,2024,False
1120,2023,2024,True
103,2023,2024,False
1240,2023,2024,False
376,2023,2024,False
70,2023,2024,True
35,2023,2024,False
760,2023,2024,False
719,2023,2024,False
903,2023,2024,False
631,2023,2024,False
85,2023,2024,False
444,2023,2024,False
677,2023,2024,True
495,2023,2024,True
386,2023,2024,True
1027,2023,2024,False
655,2023,2024,False
79,2023,2024,True
847,2023,2024,False
479,2023,2024,False
526,2023,2024,False
769,2023,2024,False
369,2023,2024,False
1173,2023,2024,False
111,2023,2024,False
301,2023,2024,False
31,2023,2024,False
624,2023,2024,False
1071,2023,2024,False
1135,2023,2024,True
13,2023,2024,False
1,2023,2024,False
64,2023,2024,False
552,2023,2024,True
6,2023,2024,False
628,2023,2024,False
924,2023,2024,False
1127,2023,2024,False
110,2023,2024,False
239,2023,2024,False
748,2023,2024,False
1006,2023,2024,False
1134,2023,2024,False
1144,2023,2024,True
1153,2023,2024,False
530,2023,2024,False
342,2023,2024,False
81,2023,2024,False
1062,2023,2024,False
76,2023,2024,False
798,2023,2024,False
1051,2023,2024,True
1227,2023,2024,False
1037,2023,2024,True
678,2023,2024,True
494,2023,2024,False
61,2023,2024,True
176,2023,2024,False
411,2023,2024,False
814,2023,2024,False
1029,2023,2024,False
836,2023,2024,False
409,2023,2024,False
88,2023,2024,False
1046,2023,2024,True
675,2023,2024,True
588,2023,2024,False
484,2023,2024,False
840,2023,2024,False
1266,2023,2024,False
578,2023,2024,False
664,2023,2024,False
457,2023,2024,False
332,2023,2024,False
860,2023,2024,False
651,2023,2024,False
1182,2023,2024,True
1048,2023,2024,False
888,2023,2024,False
885,2023,2024,False
108,2023,2024,True
1257,2023,2024,False
1181,2023,2024,False
1189,2023,2024,False
1258,2023,2024,False
608,2023,2024,False
1148,2023,2024,True
1166,2023,2024,False
1193,2023,2024,False
519,2023,2024,True
40,2023,2024,False
830,2023,2024,False
137,2023,2024,False
373,2023,2024,True
917,2023,2024,True
348,2023,2024,True
474,2023,2024,False
978,2023,2024,False
383,2023,2024,False
39,2023,2024,False
874,2023,2024,False
96,2023,2024,False
1226,2023,2024,False
159,2023,2024,True
78,2023,2024,False
131,2023,2024,False
534,2023,2024,False
891,2023,2024,False
513,2023,2024,False
267,2023,2024,False
574,2023,2024,True
632,2023,2024,False
1183,2023,2024,True
338,2023,2024,False
610,2023,2024,False
1015,2023,2024,False
298,2023,2024,True
916,2023,2024,False
273,2023,2024,False
528,2023,2024,False
807,2023,2024,False
979,2023,2024,False
402,2023,2024,False
799,2023,2024,False
90,2023,2024,False
861,2023,2024,False
478,2023,2024,True
994,2023,2024,False
938,2023,2024,False
269,2023,2024,False
1035,2023,2024,False
499,2023,2024,False
988,2023,2024,False
375,2023,2024,False
767,2023,2024,False
1209,2023,2024,True
158,2023,2024,False
1085,2023,2024,True
1115,2023,2024,False
865,2023,2024,True
1262,2023,2024,False
1076,2023,2024,False
715,2023,2024,False
1096,2023,2024,False
1137,2023,2024,False
832,2023,2024,False
389,2023,2024,False
656,2023,2024,False
1254,2023,2024,False
681,2023,2024,False
870,2023,2024,True
905,2023,2024,False
319,2023,2024,False
876,2023,2024,False
1090,2023,2024,False
1083,2023,2024,True
1196,2023,2024,True
1163,2023,2024,False
1187,2023,2024,True
1152,2023,2024,True
1271,2023,2024,False
247,2023,2024,False
750,2023,2024,False
782,2023,2024,False
716,2023,2024,False
684,2023,2024,False
907,2023,2024,False
1026,2023,2024,True
1146,2023,2024,False
84,2023,2024,True
114,2023,2024,True
26,2023,2024,False
661,2023,2024,True
785,2023,2024,False
960,2023,2024,False
438,2023,2024,False
245,2023,2024,False
984,2023,2024,False
147,2023,2024,False
1246,2023,2024,False
491,2023,2024,False
174,2023,2024,True
533,2023,2024,True
614,2023,2024,False
873,2023,2024,False
1041,2023,2024,True
969,2023,2024,False
864,2023,2024,True
443,2023,2024,True
970,2023,2024,True
374,2023,2024,True
1218,2023,2024,True
707,2023,2024,False
388,2023,2024,False
1250,2023,2024,False
415,2023,2024,True
1213,2023,2024,True
180,2023,2024,False
571,2023,2024,False
647,2023,2024,True
859,2023,2024,False
1113,2023,2024,True
2,2023,2024,False
218,2023,2024,True
377,2023,2024,False
1224,2023,2024,False
709,2023,2024,False
887,2023,2024,True
1022,2023,2024,False
993,2023,2024,True
548,2023,2024,False
1059,2023,2024,False
1032,2023,2024,False
921,2023,2024,False
149,2023,2024,False
501,2023,2024,False
747,2023,2024,False
1133,2023,2024,False
949,2023,2024,False
878,2023,2024,False
382,2023,2024,False
1108,2023,2024,False
170,2023,2024,False
1008,2023,2024,False
1164,2023,2024,True
1168,2023,2024,False
1256,2023,2024,False
420,2023,2024,False
791,2023,2024,True
1138,2023,2024,True
971,2023,2024,False
599,2023,2024,False
928,2023,2024,False
1067,2023,2024,False
1145,2023,2024,True
1021,2023,2024,False
1216,2023,2024,False
380,2023,2024,True
138,2023,2024,False
171,2023,2024,False
295,2023,2024,True
858,2023,2024,False
529,2023,2024,False
980,2023,2024,False
1098,2023,2024,False
1050,2023,2024,True
1017,2023,2024,False
898,2023,2024,False
752,2023,2024,False
161,2023,2024,False
187,2023,2024,False
278,2023,2024,False
927,2023,2024,False
217,2023,2024,False
1074,2023,2024,True
1245,2023,2024,False
53,2023,2024,True
729,2023,2024,False
941,2023,2024,False
783,2023,2024,True
119,2023,2024,False
974,2023,2024,False
703,2023,2024,True
250,2023,2024,False
1045,2023,2024,True
1232,2023,2024,False
669,2023,2024,False
856,2023,2024,True
762,2023,2024,False
1055,2023,2024,False
708,2023,2024,True
1161,2023,2024,True
950,2023,2024,False
1172,2023,2024,False
731,2023,2024,False
5,2023,2024,True
587,2023,2024,False
822,2023,2024,False
1014,2023,2024,False
934,2023,2024,False
855,2023,2024,False
1078,2023,2024,True
577,2023,2024,False
687,2023,2024,False
483,2023,2024,False
863,2023,2024,False
36,2023,2024,False
449,2023,2024,True
63,2023,2024,True
897,2023,2024,False
749,2023,2024,False
725,2023,2024,False
260,2023,2024,False
1086,2023,2024,True
562,2023,2024,False
509,2023,2024,False
1249,2023,2024,False
339,2023,2024,False
466,2023,2024,False
1099,2023,2024,False
1274,2023,2024,False
986,2023,2024,False
362,2023,2024,True
702,2023,2024,False
558,2023,2024,False
1122,2023,2024,False
1130,2023,2024,False
184,2023,2024,False
850,2023,2024,False
121,2023,2024,False
780,2023,2024,False
123,2023,2024,False
287,2023,2024,True
320,2023,2024,False
629,2023,2024,False
179,2023,2024,False
408,2023,2024,False
14,2023,2024,False
583,2023,2024,False
605,2023,2024,False
274,2023,2024,False
470,2023,2024,False
991,2023,2024,False
746,2023,2024,False
395,2023,2024,False
286,2023,2024,False
94,2023,2024,False
946,2023,2024,False
1028,2023,2024,False
318,2023,2024,False
637,2023,2024,False
493,2023,2024,False
909,2023,2024,False
1013,2023,2024,False
813,2023,2024,True
1064,2023,2024,False
1068,2023,2024,False
86,2023,2024,False
741,2023,2024,False
1263,2023,2024,False
1205,2023,2024,True
794,2023,2024,False
1103,2023,2024,False
1210,2023,2024,False
132,2023,2024,False
1171,2023,2024,False
857,2023,2024,True
781,2023,2024,False
837,2023,2024,False
670,2023,2024,False
890,2023,2024,True
363,2023,2024,False
931,2023,2024,False
487,2023,2024,False
445,2023,2024,False
869,2023,2024,True
1201,2023,2024,False
521,2023,2024,False
80,2023,2024,False
331,2023,2024,False
895,2023,2024,False
128,2023,2024,True
737,2023,2024,False
954,2023,2024,False
966,2023,2024,False
1075,2023,2024,False
417,2023,2024,False
643,2023,2024,False
818,2023,2024,True
987,2023,2024,False
826,2023,2024,False
437,2023,2024,True
1016,2023,2024,True
242,2023,2024,False
1093,2023,2024,False
456,2023,2024,False
612,2023,2024,False
704,2023,2024,False
1175,2023,2024,True
535,2023,2024,False
617,2023,2024,True
1231,2023,2024,False
127,2023,2024,False
141,2023,2024,True
359,2023,2024,False
7,2023,2024,False
285,2023,2024,True
566,2023,2024,True
1043,2023,2024,False
423,2023,2024,False
841,2023,2024,False
718,2023,2024,False
1112,2023,2024,False
804,2023,2024,True
600,2023,2024,False
613,2023,2024,False
795,2023,2024,False
357,2023,2024,False
115,2023,2024,False
1261,2023,2024,False
413,2023,2024,True
1100,2023,2024,False
734,2023,2024,True
955,2023,2024,False
1156,2023,2024,False
183,2023,2024,False
892,2023,2024,False
1221,2023,2024,False
1202,2023,2024,True
586,2023,2024,False
270,2023,2024,False
945,2023,2024,False
45,2023,2024,False
1192,2023,2024,True
1012,2023,2024,False
893,2023,2024,False
975,2023,2024,False
410,2023,2024,True
638,2023,2024,False
602,2023,2024,False
875,2023,2024,True
1053,2023,2024,True
496,2023,2024,False
778,2023,2024,False
862,2023,2024,False
469,2023,2024,False
882,2023,2024,True
1176,2023,2024,False
609,2023,2024,True
166,2023,2024,False
1255,2023,2024,False
901,2023,2024,True
680,2023,2024,False
996,2023,2024,True
299,2023,2024,False
739,2023,2024,True
805,2023,2024,False
419,2023,2024,False
1049,2023,2024,False
1011,2023,2024,True
802,2023,2024,False
416,2023,2024,False
32,2023,2024,True
590,2023,2024,False
922,2023,2024,False
999,2023,2024,True
143,2023,2024,False
367,2023,2024,False
524,2023,2024,False
933,2023,2024,True
896,2023,2024,False
1024,2023,2024,False
1082,2023,2024,False
1233,2023,2024,False
900,2023,2024,False
1244,2023,2024,False
1073,2023,2024,False
112,2023,2024,False
696,2023,2024,False
547,2023,2024,False
1063,2023,2024,False
699,2023,2024,False
1054,2023,2024,False
271,2023,2024,False
1141,2023,2024,False
25,2023,2024,False
1128,2023,2024,True
461,2023,2024,False
1101,2023,2024,True
1195,2023,2024,False
107,2023,2024,False
829,2023,2024,False
982,2023,2024,False
291,2023,2024,False
866,2023,2024,True
603,2023,2024,False
1157,2023,2024,False
1207,2023,2024,False
302,2023,2024,True
576,2023,2024,False
594,2023,2024,False
1052,2023,2024,False
1180,2023,2024,True
958,2023,2024,False
246,2023,2024,False
190,2023,2024,True
500,2023,2024,False
313,2023,2024,False
1121,2023,2024,False
1080,2023,2024,True
164,2023,2024,False
1033,2023,2024,True
1034,2023,2024,False
770,2023,2024,False
1150,2023,2024,False
514,2023,2024,False
516,2023,2024,False
1044,2023,2024,False
1070,2023,2024,False
713,2023,2024,False
1252,2023,2024,False
1197,2023,2024,True
816,2023,2024,False
961,2023,2024,False
436,2023,2024,True
189,2023,2024,False
205,2023,2024,True
1061,2023,2024,False
368,2023,2024,False
733,2023,2024,False
942,2023,2024,True
555,2023,2024,False
1188,2023,2024,False
636,2023,2024,False
808,2023,2024,False
789,2023,2024,False
867,2023,2024,False
710,2023,2024,False
531,2023,2024,False
89,2023,2024,True
619,2023,2024,True
546,2023,2024,False
486,2023,2024,True
774,2023,2024,False
360,2023,2024,False
755,2023,2024,False
1123,2023,2024,True
763,2023,2024,False
827,2023,2024,False
910,2023,2024,False
1002,2023,2024,False
606,2023,2024,False
932,2023,2024,True
819,2023,2024,False
773,2023,2024,False
476,2023,2024,False
365,2023,2024,False
538,2023,2024,False
1031,2023,2024,False
1095,2023,2024,False
914,2023,2024,True
425,2023,2024,False
766,2023,2024,True
62,2023,2024,False
640,2023,2024,True
106,2023,2024,False
1217,2023,2024,True
560,2023,2024,True
854,2023,2024,False
940,2023,2024,True
1010,2023,2024,True
1025,2023,2024,False
87,2023,2024,False
913,2023,2024,True
399,2023,2024,True
193,2023,2024,False
1251,2023,2024,False
1019,2023,2024,False
1259,2023,2024,False
418,2023,2024,False
56,2023,2024,False
944,2023,2024,False
397,2023,2024,False
195,2023,2024,False
1118,2023,2024,False
880,2023,2024,False
71,2023,2024,True
364,2023,2024,False
989,2023,2024,False
936,2023,2024,True
1158,2023,2024,True
1042,2023,2024,True
1253,2023,2024,False
551,2023,2024,True
937,2023,2024,False
1179,2023,2024,True
440,2023,2024,True
346,2023,2024,False
450,2023,2024,False
1269,2023,2024,False
925,2023,2024,False
322,2023,2024,True
522,2023,2024,False
740,2023,2024,False
1235,2023,2024,False
421,2023,2024,False
200,2023,2024,True
1185,2023,2024,True
768,2023,2024,False
1174,2023,2024,False
197,2023,2024,False
432,2023,2024,False
947,2023,2024,False
894,2023,2024,False
390,2023,2024,False
777,2023,2024,False
168,2023,2024,True
642,2023,2024,False
881,2023,2024,True
92,2023,2024,False
1236,2023,2024,False
1143,2023,2024,False
125,2023,2024,False
652,2023,2024,False
701,2023,2024,True
835,2023,2024,True
220,2023,2024,False
686,2023,2024,False
645,2023,2024,False
133,2023,2024,True
644,2023,2024,True
973,2023,2024,False
904,2023,2024,False
1204,2023,2024,True
981,2023,2024,False
464,2023,2024,False
48,2023,2024,False
812,2023,2024,True
1199,2023,2024,False
1186,2023,2024,True
1169,2023,2024,False
919,2023,2024,False
1058,2023,2024,False
1241,2023,2024,False
1203,2023,2024,False
458,2023,2024,False
1088,2023,2024,True
1107,2023,2024,False
1167,2023,2024,True
834,2023,2024,False
717,2023,2024,True
1248,2023,2024,False
404,2023,2024,False
1105,2023,2024,True
1023,2023,2024,False
12,2023,2024,False
57,2023,2024,False
221,2023,2024,True
381,2023,2024,False
1243,2023,2024,True
398,2023,2024,False
401,2023,2024,False
518,2023,2024,False
722,2023,2024,True
639,2023,2024,False
1066,2023,2024,False
649,2023,2024,False
1077,2023,2024,False
202,2023,2024,False
784,2023,2024,False
742,2023,2024,True
527,2023,2024,False
58,2023,2024,False
1139,2023,2024,False
55,2023,2024,True
1114,2023,2024,False
325,2023,2024,False
422,2023,2024,False
965,2023,2024,False
1177,2023,2024,False
454,2023,2024,False
542,2023,2024,False
618,2023,2024,False
738,2023,2024,False
668,2023,2024,True
1111,2023,2024,False
712,2023,2024,False
91,2023,2024,False
241,2023,2024,False
38,2023,2024,False
1000,2023,2024,False
451,2023,2024,True
356,2023,2024,False
1228,2023,2024,False
911,2023,2024,False
597,2023,2024,False
1102,2023,2024,False
604,2023,2024,False
497,2023,2024,False
173,2023,2024,False
688,2023,2024,False
884,2023,2024,False
1117,2023,2024,False
1125,2023,2024,True
693,2023,2024,False
667,2023,2024,False
1142,2023,2024,False
666,2023,2024,False
1151,2023,2024,False
192,2023,2024,False
46,2023,2024,True
595,2023,2024,True
886,2023,2024,False
972,2023,2024,False
240,2023,2024,True
556,2023,2024,False
1247,2023,2024,True
283,2023,2024,False
985,2023,2024,False
736,2023,2024,True
428,2023,2024,False
871,2023,2024,False
962,2023,2024,True
1119,2023,2024,False
792,2023,2024,False
1242,2023,2024,False
392,2023,2024,False
957,2023,2024,True
948,2023,2024,True
254,2023,2024,True
1079,2023,2024,False
490,2023,2024,False
1160,2023,2024,False
433,2023,2024,False
307,2023,2024,True
1225,2023,2024,False
1239,2023,2024,False
1264,2023,2024,False
181,2023,2024,False
563,2023,2024,False
810,2023,2024,False
1009,2023,2024,False
109,2023,2024,True
998,2023,2024,True
573,2023,2024,False
1030,2023,2024,False
902,2023,2024,True
1072,2023,2024,False
1162,2023,2024,False
815,2023,2024,True
967,2023,2024,False
29,2023,2024,False
1110,2023,2024,True
539,2023,2024,False
1040,2023,2024,False
506,2023,2024,True
1149,2023,2024,False
459,2023,2024,False
626,2023,2024,False
754,2023,2024,False
983,2023,2024,True
504,2023,2024,True
1208,2023,2024,True
872,2023,2024,True
992,2023,2024,True
465,2023,2024,True
517,2023,2024,False
462,2023,2024,True
1272,2023,2024,False
926,2023,2024,False
658,2023,2024,False
963,2023,2024,False
540,2023,2024,True
167,2023,2024,False
706,2023,2024,False
315,2023,2024,False
1109,2023,2024,True
868,2023,2024,False
1159,2023,2024,True
1200,2023,2024,False
265,2023,2024,True
303,2023,2024,False
1165,2023,2024,False
412,2023,2024,False
93,2023,2024,False
227,2023,2024,False
316,2023,2024,False
918,2023,2024,False
833,2023,2024,False
995,2023,2024,False
1191,2023,2024,True
99,2023,2024,True
350,2023,2024,True
391,2023,2024,True
343,2023,2024,True
705,2023,2024,False
223,2023,2024,True
277,2023,2024,False
853,2023,2024,False
923,2023,2024,False
912,2023,2024,False
1060,2023,2024,False
336,2023,2024,False
326,2023,2024,False
1097,2023,2024,False
352,2023,2024,False
899,2023,2024,False
155,2023,2024,False
580,2023,2024,False
735,2023,2024,False
251,2023,2024,False
1190,2023,2024,True
714,2023,2024,False
178,2023,2024,False
952,2023,2024,False
262,2023,2024,False
953,2023,2024,False
280,2023,2024,False
175,2023,2024,False
116,2023,2024,False
1223,2023,2024,True
646,2023,2024,False
145,2023,2024,True
472,2023,2024,False
508,2023,2024,False
1132,2023,2024,True
249,2023,2024,False
616,2023,2024,False
846,2023,2024,True
964,2023,2024,False
584,2023,2024,False
1057,2023,2024,False
976,2023,2024,True
321,2023,2024,False
877,2023,2024,True
1126,2023,2024,True
204,2023,2024,False
607,2023,2024,False
788,2023,2024,False
1092,2023,2024,True
721,2023,2024,False
820,2023,2024,False
463,2023,2024,True
1194,2023,2024,True
480,2023,2024,False
581,2023,2024,False
1198,2023,2024,False
19,2023,2024,False
414,2023,2024,False
234,2023,2024,True
665,2023,2024,False
730,2023,2024,False
1104,2023,2024,True
1170,2023,2024,False
1084,2023,2024,False
165,2023,2024,False
831,2023,2024,False
920,2023,2024,False
1081,2023,2024,False
797,2023,2024,False
915,2023,2024,True
186,2023,2024,False
434,2023,2024,False
1004,2023,2024,False
471,2023,2024,False
23,2023,2024,False
442,2023,2024,False
1007,2023,2024,True
1039,2023,2024,False
152,2023,2024,False
308,2023,2024,False
592,2023,2024,False
1020,2023,2024,False
1178,2023,2024,False
1018,2023,2024,False
49,2023,2024,False
591,2023,2024,False
387,2023,2024,False
753,2023,2024,False
776,2023,2024,False
1206,2023,2024,True
801,2023,2024,False
851,2023,2024,False
244,2023,2024,False
279,2023,2024,False
1147,2023,2024,False
1212,2023,2024,True
1237,2023,2024,False
956,2023,2024,False
43,2023,2024,True
817,2023,2024,True
757,2023,2024,False
883,2023,2024,True
104,2023,2024,True
1001,2023,2024,False
1056,2023,2024,False
1234,2023,2024,False
44,2023,2024,True
