id_aluno,ano,ieg,ida,ipv
1,2022,4.1,4.0,7.278
1,2023,,,
1,2024,,,
2,2022,5.2,6.8,6.778
2,2023,,,
2,2024,,,
3,2022,7.9,5.6,7.556
4,2022,4.5,5.0,5.278
5,2022,8.6,5.2,7.389
5,2023,,,
6,2022,4.5,3.3,7.222
6,2023,,,
6,2024,,,
7,2022,8.4,7.6,7.667
7,2023,,,
7,2024,,,
8,2022,4.6,1.6,6.278
9,2022,9.5,6.7,9.5
10,2022,5.2,4.1,7.056
11,2022,4.2,3.0,6.389
12,2022,4.0,1.5,6.389
12,2023,,,
12,2024,,,
13,2022,7.4,4.7,8.056
13,2023,,,
13,2024,,,
14,2022,8.3,4.0,7.75
14,2023,,,
14,2024,,,
15,2022,10.0,7.3,7.292
16,2022,8.3,3.5,6.333
17,2022,10.0,7.8,8.292
17,2023,,,
17,2024,,,
18,2022,8.7,9.0,6.875
19,2022,9.5,8.0,7.0
19,2023,9.4,7.8,8.1725
19,2024,,,
20,2022,10.0,7.8,7.167
21,2022,9.2,3.8,7.25
21,2023,,,
21,2024,,,
22,2022,7.4,6.7,8.833
23,2022,8.2,6.7,8.556
23,2023,,,
23,2024,,,
24,2022,7.9,8.6,9.111
25,2022,8.3,6.9,9.667
25,2023,,,
25,2024,,,
26,2022,8.8,8.0,10.0
26,2023,,,
26,2024,,,
27,2022,7.6,8.0,9.111
27,2023,7.7,6.9,8.8825
27,2024,,,
28,2022,6.1,5.0,6.333
29,2022,4.0,3.7,7.611
29,2023,,,
29,2024,,,
30,2022,6.4,7.5,7.333
31,2022,9.5,8.0,10.0
31,2023,,,
31,2024,,,
32,2022,5.2,6.1,7.944
32,2023,8.2,7.9,6.8775
33,2022,4.6,4.8,6.0
34,2022,4.8,3.8,7.278
34,2023,,,
35,2022,9.6,8.5,10.0
35,2023,,,
35,2024,,,
36,2022,9.0,6.8,8.944
36,2023,,,
36,2024,,,
37,2022,5.4,5.9,5.222
38,2022,8.9,8.6,9.833
38,2023,9.7,7.7,8.8825
38,2024,,,
39,2022,4.8,6.9,6.111
39,2023,9.1,7.8,8.7575
39,2024,,,
40,2022,7.8,6.8,7.75
40,2023,8.2,5.9,7.755
40,2024,7.211257310000001,5.333333333333333,6.276666667
41,2022,6.1,5.6,4.375
42,2022,7.9,4.8,6.083
42,2023,8.6,5.7,6.6675
42,2024,9.682539682666668,8.166666666666666,7.134
43,2022,6.5,4.3,5.958
43,2023,6.7,5.0,7.5875
44,2022,5.9,3.0,7.292
44,2023,8.5,6.9,7.17
45,2022,8.9,6.8,7.417
45,2023,9.6,7.9,8.1725
45,2024,9.619047619,8.0,8.283333333
46,2022,8.4,2.1,7.083
46,2023,7.4,4.4,6.6275
47,2022,6.3,2.1,7.042
48,2022,8.4,8.1,8.5
48,2023,8.4,7.7,7.6275
48,2024,8.339076859,7.5,8.23
49,2022,7.4,3.9,7.042
49,2023,,,
49,2024,,,
50,2022,8.4,7.8,7.542
51,2022,7.6,5.0,6.5
52,2022,8.9,6.2,7.5
52,2023,9.8,6.4,8.2975
52,2024,9.437666667,7.216666666666666,7.5
53,2022,7.0,7.0,6.458
53,2023,9.1,7.7,7.5875
54,2022,6.9,4.8,6.125
55,2022,7.6,7.5,6.5
55,2023,8.1,7.1,7.545
56,2022,10.0,7.0,8.25
56,2023,9.5,7.8,7.8
56,2024,9.265350877333333,7.666666666666667,9.233333333
57,2022,8.1,8.4,7.875
57,2023,8.0,7.2,7.755
57,2024,6.010860484333333,6.166666666666667,7.39
58,2022,9.2,7.2,8.125
58,2023,9.7,8.1,8.3825
58,2024,9.824561403666666,7.333333333333333,8.62
59,2022,9.3,7.2,7.917
59,2023,9.6,7.2,8.4225
59,2024,,,
60,2022,6.0,4.9,6.167
61,2022,7.4,5.8,7.875
61,2023,7.0,6.2,7.4625
62,2022,9.4,9.3,7.25
62,2023,9.8,7.5,8.215
62,2024,,,
63,2022,9.1,8.7,9.417
63,2023,9.0,8.7,8.9675
64,2022,8.1,7.5,8.25
64,2023,9.2,6.7,7.9625
64,2024,8.980785296666667,8.166666666666666,8.283333333
65,2022,7.7,9.3,7.875
66,2022,5.6,4.5,5.917
67,2022,3.0,3.6,6.889
68,2022,6.0,4.0,7.944
69,2022,6.1,2.5,6.167
70,2022,6.6,2.9,6.111
70,2023,9.2,4.3,7.545
71,2022,2.0,1.2,5.833
71,2023,9.8,6.6,7.7125
72,2022,7.5,7.8,8.667
73,2022,3.0,3.3,7.278
74,2022,3.3,2.0,5.833
75,2022,3.8,0.0,4.625
76,2022,9.1,8.7,9.292
76,2023,,,
76,2024,9.0,7.066666666666666,7.5
77,2022,2.7,0.7,4.625
78,2022,6.6,7.2,8.0
78,2023,7.7,6.7,8.0025
78,2024,8.028404344,7.5,7.39
79,2022,6.3,8.9,7.292
79,2023,6.2,7.6,7.59
80,2022,8.3,7.1,7.625
80,2023,8.4,6.3,7.465
80,2024,7.8961292116666675,7.0,7.946666667
81,2022,9.2,6.0,7.458
81,2023,8.8,6.3,7.2125
81,2024,9.333333333333334,7.5,7.798
82,2022,6.8,5.5,6.417
83,2022,6.8,6.8,5.958
84,2022,8.8,5.8,6.75
84,2023,8.8,6.0,7.6725
85,2022,7.3,4.3,5.833
85,2023,8.9,5.7,7.8425
85,2024,8.668046928999999,7.666666666666667,6.993333333
86,2022,9.6,6.7,8.458
86,2023,,,
86,2024,9.704333333,5.483333333333333,7.5
87,2022,9.6,8.8,8.5
87,2023,10.0,9.3,8.385
87,2024,9.649122807,9.166666666666666,9.623333333
88,2022,9.2,6.5,9.208
88,2023,,,
88,2024,,,
89,2022,7.8,5.9,8.0
89,2023,8.1,5.1,7.465
90,2022,9.7,8.5,9.75
90,2023,9.6,7.7,8.1725
90,2024,9.0,8.066666666666666,7.5
91,2022,5.7,6.6,7.125
91,2023,7.4,7.4,7.4675
91,2024,7.476190476333334,7.333333333333333,8.068
92,2022,7.1,7.4,6.667
92,2023,9.4,6.7,7.045
92,2024,8.769145085,7.5,6.33
93,2022,9.7,8.5,9.083
93,2023,,,
93,2024,9.931666667,7.483333333333333,7.5
94,2022,9.6,7.7,9.583
94,2023,9.6,7.2,7.795
94,2024,9.666666666666666,8.0,8.2
95,2022,6.6,4.8,6.292
96,2022,7.8,6.7,8.5
96,2023,8.9,6.4,7.84
96,2024,,,
97,2022,8.8,6.9,6.292
98,2022,10.0,8.5,9.667
98,2023,,,
98,2024,9.546,8.9,7.5
99,2022,6.3,5.0,5.833
99,2023,8.3,4.5,7.4225
100,2022,7.8,7.6,7.25
101,2022,8.3,7.6,6.833
102,2022,7.7,5.7,6.0
103,2022,8.7,7.3,7.708
103,2023,9.2,7.1,8.09
103,2024,9.603174603333336,9.166666666666666,8.872
104,2022,8.7,3.7,6.708
104,2023,7.7,2.6,5.6275
105,2022,8.2,6.7,7.417
106,2022,8.0,7.4,8.375
106,2023,9.1,7.3,7.5075
106,2024,8.761904762,5.666666666666667,7.872
107,2022,6.4,4.6,6.5
107,2023,8.5,7.0,7.5875
107,2024,7.9949874686666655,4.666666666666667,6.964
108,2022,7.7,5.0,6.125
108,2023,7.3,2.9,5.59
109,2022,10.0,8.4,8.667
109,2023,9.9,8.3,8.59
110,2022,9.7,6.7,8.0
110,2023,8.6,7.5,8.2975
110,2024,9.696969697,8.5,8.504
111,2022,9.4,8.0,8.667
111,2023,8.7,6.0,8.0875
111,2024,9.488636363666666,8.333333333333334,8.74
112,2022,7.8,8.5,8.833
112,2023,8.1,7.4,7.9225
112,2024,7.978174603333333,8.0,8.004
113,2022,0.0,3.7,3.792
113,2024,7.063851181666667,6.666666666666667,7.106666667
114,2022,6.3,5.3,5.0
114,2023,6.0,5.6,7.255
115,2022,6.8,3.8,5.583
115,2023,7.1,4.2,7.215
115,2024,4.164756812,4.166666666666667,5.726
116,2022,8.1,5.9,7.792
116,2023,7.6,4.7,7.5475
116,2024,7.535353535666666,4.5,6.73
117,2022,6.3,6.1,7.417
118,2022,5.3,3.9,6.958
119,2022,8.2,5.4,7.875
119,2023,,,
119,2024,9.983333333,7.366666666666667,7.5
120,2022,5.9,6.2,7.667
121,2022,8.4,7.2,7.625
121,2023,8.8,6.0,7.4625
121,2024,8.152958153,8.833333333333334,6.764
122,2022,3.4,1.8,4.958
123,2022,8.6,6.5,7.292
123,2023,9.4,5.7,6.8375
123,2024,8.412698412666666,7.166666666666667,6.43
124,2022,7.8,6.7,7.167
125,2022,8.5,7.1,7.75
125,2023,7.7,5.8,7.835
125,2024,5.6428571430000005,6.166666666666667,7.232
126,2022,5.8,4.4,7.417
127,2022,8.7,7.9,8.125
127,2023,7.8,6.4,8.6725
127,2024,9.488636363666666,7.833333333333333,8.538
128,2022,6.2,5.6,6.167
128,2023,7.3,5.7,7.5475
129,2022,6.4,6.7,7.792
130,2022,4.7,4.1,6.5
131,2022,9.0,5.6,7.75
131,2023,7.8,2.2,6.8
131,2024,9.444444444666669,5.0,7.386666667
132,2022,8.8,7.7,8.458
132,2023,8.7,6.5,7.715
132,2024,8.380952380666665,8.333333333333334,8.44
133,2022,7.1,5.6,7.625
133,2023,7.9,5.3,6.505
134,2022,6.8,4.7,7.375
135,2022,7.8,8.6,8.583
136,2022,6.3,4.6,6.667
137,2022,8.9,7.3,7.792
137,2023,6.3,6.0,6.88
137,2024,7.582972583,6.833333333333333,6.276666667
138,2022,8.0,5.6,6.375
138,2023,7.9,4.3,7.4175
138,2024,8.751803751666666,5.833333333333333,7.443333333
139,2022,3.5,1.4,3.917
140,2022,7.6,5.7,7.667
141,2022,8.2,5.7,5.917
141,2023,8.4,4.5,7.0425
142,2022,8.6,6.3,7.583
143,2022,9.9,7.9,9.5
143,2023,9.6,6.5,8.3375
143,2024,9.92,2.6333333333333333,7.5
144,2022,9.3,7.9,8.292
144,2023,5.2,4.4,6.0
145,2022,6.3,5.2,7.25
145,2023,9.0,6.2,7.4625
146,2022,9.2,7.9,8.208
146,2023,9.5,7.9,8.2125
146,2024,9.514316093333331,9.333333333333334,8.304
147,2022,7.7,6.1,7.25
147,2023,7.0,4.5,7.46
147,2024,9.277056277,6.166666666666667,7.386666667
148,2022,7.9,5.3,7.708
149,2022,6.5,5.0,6.125
149,2023,4.2,4.7,7.2925
149,2024,4.104378593666667,3.8333333333333335,6.626
150,2022,6.3,6.9,7.333
151,2022,7.5,8.3,7.958
151,2023,7.8,7.9,8.1725
152,2022,7.0,6.5,6.292
152,2023,7.7,4.5,7.71
152,2024,7.337719298333333,5.166666666666667,7.443333333
153,2022,8.2,6.6,7.708
153,2023,7.4,6.4,7.71
153,2024,0.0,0.0,7.5
154,2022,6.1,4.0,6.833
155,2022,8.3,5.2,6.833
155,2023,8.1,4.4,6.5875
155,2024,,,
156,2022,8.3,4.4,7.792
157,2022,10.0,7.7,8.292
157,2023,9.9,6.8,8.63
157,2024,10.0,9.666666666666666,8.726666667
158,2022,9.8,6.6,8.125
158,2023,9.0,6.0,7.545
158,2024,7.796296296333334,4.0,6.745
159,2022,8.1,4.7,6.458
159,2023,8.1,6.3,7.8775
160,2022,7.2,5.3,8.25
160,2023,8.3,5.0,7.46
160,2024,7.416666666666667,5.666666666666667,7.723333333
161,2022,9.1,6.9,8.083
161,2023,7.3,5.8,7.795
161,2024,7.965686274666666,4.0,7.836666667
162,2022,8.5,5.5,6.542
163,2022,7.9,6.7,6.5
164,2022,7.3,6.5,7.208
164,2023,8.2,5.8,6.9625
164,2024,8.084795321666666,5.666666666666667,6.886666667
165,2022,9.8,7.6,7.5
165,2023,9.2,7.3,7.795
165,2024,9.431042884999998,8.5,7.893333333
166,2022,9.0,8.1,7.542
166,2023,8.9,8.1,7.4625
166,2024,9.246,8.266666666666667,7.5
167,2022,9.7,7.9,7.833
167,2023,9.9,7.9,7.8375
167,2024,9.473684210666669,8.166666666666666,8.334
168,2022,8.3,5.9,7.083
168,2023,9.6,4.7,6.4225
169,2022,5.1,3.2,4.792
170,2022,9.2,4.9,5.792
170,2023,8.9,7.2,7.6725
170,2024,8.5,8.0,8.028333333
171,2022,6.8,5.5,6.875
171,2023,7.2,5.2,6.755
171,2024,7.833333333333333,8.333333333333334,7.598
172,2022,8.9,7.3,8.917
172,2023,,,
172,2024,9.8,6.933333333333334,7.5
173,2022,9.2,7.9,9.25
173,2023,8.5,8.1,7.8775
173,2024,,,
174,2022,6.2,4.4,6.042
174,2023,5.6,5.1,7.2125
175,2022,9.2,5.9,5.833
175,2023,9.2,4.8,7.085
175,2024,9.473684210666669,8.5,7.766
176,2022,9.1,6.9,9.083
176,2023,9.5,8.0,9.0025
176,2024,9.545454545333332,8.833333333333334,8.545
177,2022,8.8,6.8,6.958
178,2022,8.8,6.3,8.458
178,2023,8.7,5.9,8.42
178,2024,8.739177489333334,4.166666666666667,6.53
179,2022,9.2,6.1,8.042
179,2023,9.4,6.4,8.9225
179,2024,9.407894737,8.166666666666666,8.44
180,2022,8.3,8.1,8.625
180,2023,9.4,8.0,8.92
180,2024,9.431818181666666,8.5,8.674
181,2022,9.5,6.8,8.458
181,2023,8.3,6.8,8.2525
181,2024,8.737373737333334,4.333333333333333,8.436
182,2022,8.0,4.1,6.958
183,2022,8.8,3.8,7.25
183,2023,9.7,7.7,8.795
183,2024,9.249011857666666,7.5,8.372
184,2022,7.7,7.2,8.0
184,2023,9.5,7.1,8.5025
184,2024,8.696741854666667,8.166666666666666,9.004
185,2022,7.7,4.5,6.875
186,2022,8.5,6.6,7.5
186,2023,9.7,6.9,8.46
186,2024,9.640151515,7.166666666666667,8.672
187,2022,8.9,5.8,7.917
187,2023,9.9,6.9,8.255
187,2024,9.537037037,7.833333333333333,9.06
188,2022,6.1,2.7,7.583
189,2022,9.7,7.2,7.333
189,2023,9.4,6.5,8.3775
189,2024,10.0,8.166666666666666,8.2
190,2022,6.9,6.3,7.25
190,2023,9.5,5.7,7.9575
191,2022,9.4,7.2,8.5
191,2023,9.7,7.8,8.4625
191,2024,9.571,6.4,7.5
192,2022,3.6,2.7,4.708
192,2023,6.2,6.5,7.3775
192,2024,6.363636363666667,7.166666666666667,6.9
193,2022,8.9,6.7,8.5
193,2023,9.4,6.5,8.17
193,2024,9.848484848333332,7.0,8.7525
194,2022,6.2,3.2,3.75
195,2022,9.2,6.3,8.25
195,2023,9.2,6.0,8.79
195,2024,9.682539682666668,7.833333333333333,8.965
196,2022,9.1,5.1,8.625
196,2023,9.0,6.2,8.2125
196,2024,9.689754689666666,8.0,8.9225
197,2022,9.7,7.3,8.292
197,2023,9.8,7.2,8.46
197,2024,9.848484848333332,8.333333333333334,8.795
198,2022,6.2,4.6,5.958
199,2022,7.1,7.5,6.458
199,2023,7.6,8.5,8.505
199,2024,7.554824561666667,7.166666666666667,8.206
200,2022,5.6,5.5,4.917
200,2023,4.5,4.3,7.17
201,2022,7.3,6.5,7.542
202,2022,5.2,5.4,6.917
202,2023,7.9,5.9,8.005
202,2024,7.880952381,7.5,7.75
203,2022,4.3,2.8,6.875
204,2022,6.7,7.4,5.708
204,2023,7.9,7.1,8.045
204,2024,6.827094474333333,7.5,8.5875
205,2022,3.8,4.1,4.833
205,2023,7.6,6.6,7.09
206,2022,8.8,5.0,5.167
207,2022,4.8,5.8,5.708
208,2022,7.1,6.1,6.417
209,2022,4.8,6.0,3.75
210,2022,5.1,3.4,4.417
211,2022,8.8,7.6,8.458
211,2023,9.4,7.1,8.71
211,2024,9.379509379666668,7.0,7.866
212,2022,8.4,6.2,6.958
213,2022,8.7,3.5,6.833
214,2022,6.1,4.3,5.125
215,2022,5.8,7.8,6.542
215,2023,6.6,6.9,7.7125
215,2024,6.455627705333334,5.666666666666667,7.432
216,2022,8.5,7.0,5.583
217,2022,8.5,7.1,7.292
217,2023,8.6,5.6,8.5025
217,2024,8.917748917666666,7.833333333333333,6.994
218,2022,7.3,4.0,6.125
218,2023,6.7,6.7,7.88
219,2022,6.9,3.5,6.375
220,2022,8.1,6.5,7.833
220,2023,7.6,6.1,7.5475
220,2024,8.198051948,6.833333333333333,7.332
221,2022,8.5,5.2,6.0
221,2023,9.0,5.0,7.38
222,2022,4.6,6.2,4.917
223,2022,4.6,3.1,5.583
223,2023,4.5,3.8,7.1725
224,2022,4.3,2.6,4.875
225,2022,5.3,5.0,5.708
226,2022,6.1,6.8,6.208
227,2022,6.4,3.3,5.833
227,2023,7.5,6.9,7.4625
227,2024,8.097577276666668,6.5,7.54
228,2022,6.7,4.8,6.417
229,2022,9.4,6.9,8.5
229,2023,9.8,7.8,8.42
229,2024,9.841269841333334,8.833333333333334,8.8375
230,2022,5.1,5.7,6.75
231,2022,7.4,3.8,5.333
232,2022,4.9,0.0,4.542
233,2022,7.4,3.8,5.5
234,2022,7.6,4.3,5.583
234,2023,8.0,5.6,5.595
235,2022,7.3,6.3,6.417
236,2022,7.5,3.7,7.208
236,2023,7.5,4.5,7.2975
236,2024,7.890668700666666,4.5,6.362
237,2022,9.0,7.8,8.417
237,2023,9.5,6.7,8.96
237,2024,9.689754689666666,7.666666666666667,8.336666667
238,2022,6.4,5.1,7.208
239,2022,3.7,3.7,5.958
239,2023,8.4,7.0,7.6275
239,2024,6.361737677333333,6.666666666666667,8.502
240,2022,8.1,4.7,7.042
240,2023,6.7,4.8,6.9175
241,2022,10.0,7.7,9.125
241,2023,9.9,7.5,9.545
241,2024,9.891666667,6.816666666666667,7.5
242,2022,9.7,8.2,8.708
242,2023,9.7,7.9,9.3775
242,2024,9.621,7.650000000000001,7.5
243,2022,8.7,6.0,7.875
244,2022,9.4,7.8,9.208
244,2023,8.8,7.3,8.8325
244,2024,10.0,9.5,8.17
245,2022,9.9,8.4,9.25
245,2023,10.0,8.1,9.5875
245,2024,9.953333333,8.033333333333333,7.5
246,2022,9.4,7.6,9.167
246,2023,9.9,6.8,8.9175
246,2024,0.0,0.0,7.5
247,2022,8.2,5.8,7.875
247,2023,8.5,7.2,7.5425
247,2024,8.306595365666666,4.333333333333333,8.5875
248,2022,7.6,5.2,7.292
249,2022,7.4,2.9,4.292
249,2023,8.2,4.9,6.545
249,2024,6.645021645,5.0,7.064
250,2022,8.6,6.6,7.625
250,2023,9.3,8.3,8.625
250,2024,9.629629629666669,9.166666666666666,8.95
251,2022,8.1,6.3,6.625
251,2023,8.0,5.3,7.835
251,2024,8.612836439,4.5,7.326666667
252,2022,2.8,0.9,3.875
253,2022,3.6,1.8,3.75
254,2022,7.4,5.3,6.917
254,2023,8.8,5.9,7.71
255,2022,3.8,1.3,5.542
256,2022,8.5,5.2,6.708
257,2022,6.4,3.6,6.708
258,2022,7.3,4.8,6.125
258,2024,6.944444444333333,2.5,6.732
259,2022,2.9,0.9,4.625
260,2022,8.2,5.0,6.458
260,2023,9.9,6.1,7.4175
260,2024,9.674603174666666,7.0,8.502
261,2022,7.2,5.8,7.042
262,2022,5.8,3.4,5.625
262,2023,3.7,3.8,6.05
262,2024,4.854560643666667,4.166666666666667,6.296
263,2022,5.6,3.7,4.417
264,2022,9.2,5.8,6.625
265,2022,7.7,6.9,7.917
265,2023,8.7,7.0,7.88
266,2022,5.8,6.0,6.583
267,2022,7.4,3.3,6.292
267,2023,7.7,2.7,6.505
267,2024,8.285533910333333,2.0,6.273333333
268,2022,6.7,5.7,7.208
269,2022,8.6,8.9,7.25
269,2023,9.0,7.4,8.7975
269,2024,9.6,8.200000000000001,7.5
270,2022,8.4,7.9,8.125
270,2023,9.0,6.6,9.1275
270,2024,0.0,0.0,7.5
271,2022,8.5,7.1,6.958
271,2023,9.3,5.9,7.7125
271,2024,8.958333333333334,7.333333333333333,6.7475
272,2022,5.7,5.1,6.417
273,2022,5.3,3.0,5.833
273,2023,7.4,5.0,7.6275
273,2024,7.323153899,4.5,6.896
274,2022,8.3,8.1,7.0
274,2023,9.5,7.5,8.295
274,2024,9.648148148,9.333333333333334,8.226666667
275,2022,6.9,4.6,6.667
276,2022,5.7,4.3,5.125
276,2023,8.5,5.5,6.585
277,2022,8.8,7.4,7.208
277,2023,9.9,5.5,8.7525
277,2024,9.741666667,6.9,7.5
278,2022,9.2,6.0,7.417
278,2023,9.8,5.6,8.3775
278,2024,9.855072463666666,9.333333333333334,7.946666667
279,2022,9.9,9.1,8.208
279,2023,10.0,8.9,9.2125
279,2024,10.0,9.333333333333334,8.726666667
280,2022,9.2,7.1,7.333
280,2023,9.5,6.5,8.7125
280,2024,9.855072463666666,9.333333333333334,8.67
281,2022,6.9,5.9,5.625
282,2022,6.8,4.0,5.625
283,2022,8.8,5.6,6.625
283,2023,9.5,6.8,7.5025
283,2024,9.761904762,8.0,7.736
284,2022,5.1,3.8,5.958
285,2022,4.1,2.8,5.75
285,2023,4.6,4.7,7.13
286,2022,5.8,3.0,5.625
286,2023,7.5,4.7,7.3375
286,2024,4.031862745000001,3.1666666666666665,5.7825
287,2022,3.4,1.1,4.292
287,2023,4.8,3.9,5.375
288,2022,5.6,0.0,6.833
289,2022,7.8,6.8,7.25
290,2022,3.9,1.7,6.042
291,2022,8.2,8.0,7.792
291,2023,8.6,7.1,9.21
291,2024,9.737666667,6.166666666666667,7.5
292,2022,3.7,1.8,6.292
293,2022,2.9,2.3,3.333
294,2022,5.8,0.0,5.917
295,2022,8.0,6.9,7.375
295,2023,8.8,7.7,9.005
296,2022,3.6,2.8,3.833
297,2022,7.9,6.6,7.417
298,2022,6.3,5.2,5.417
298,2023,8.6,5.5,7.7525
299,2022,8.2,6.8,6.708
299,2023,9.6,6.1,8.005
299,2024,8.963768115999999,8.166666666666666,7.5
300,2022,6.9,3.1,5.875
300,2023,7.5,4.5,6.5875
301,2022,5.8,6.3,6.042
301,2023,5.4,5.2,6.465
301,2024,7.494736842333332,9.0,8.21
302,2022,7.7,4.8,6.208
302,2023,7.3,4.3,6.255
303,2022,7.2,3.9,5.375
303,2023,7.3,5.1,7.05
303,2024,3.9520467836666655,5.666666666666667,7.535
304,2022,7.7,4.3,5.542
304,2023,8.8,5.7,7.835
304,2024,7.826890756333333,7.166666666666667,5.825
305,2022,6.6,4.8,5.208
305,2023,8.9,5.2,7.75
305,2024,7.898550724666666,4.833333333333333,7.03
306,2022,6.8,5.2,5.958
306,2023,7.9,4.0,7.46
306,2024,7.699561403666666,2.833333333333333,6.4125
307,2022,4.5,2.5,4.708
307,2023,6.5,6.3,7.46
308,2022,7.4,5.0,6.167
308,2023,6.8,4.9,7.5025
308,2024,8.714912280666667,6.5,7.1225
309,2022,5.2,6.5,5.083
310,2022,7.5,4.5,6.0
311,2022,5.6,5.2,6.222
312,2022,8.1,5.2,6.167
313,2022,7.0,4.1,5.889
313,2023,8.7,3.9,7.75
313,2024,9.666666666666666,4.833333333333333,8.1675
314,2022,5.4,5.3,6.0
315,2022,5.1,3.0,5.056
315,2023,6.8,6.3,7.8375
315,2024,5.918518518666667,6.833333333333333,7.6275
316,2022,10.0,6.1,8.389
316,2023,9.5,5.7,8.96
316,2024,10.0,8.0,8.3775
317,2022,5.6,6.8,5.944
318,2022,6.9,5.8,6.111
318,2023,8.1,4.9,7.71
318,2024,9.129629629666669,4.666666666666667,7.443333333
319,2022,7.7,5.2,7.5
319,2023,9.2,7.2,8.88
319,2024,9.024122807,5.833333333333333,7.666666667
320,2022,10.0,6.4,8.667
320,2023,9.9,5.5,8.96
320,2024,10.0,6.666666666666667,8.3775
321,2022,9.1,5.2,8.278
321,2023,9.4,6.2,8.42
321,2024,9.534706331,7.166666666666667,7.776666667
322,2022,8.1,4.7,6.778
322,2023,8.3,5.3,8.045
323,2022,7.3,3.4,6.611
324,2022,9.3,6.8,8.611
324,2023,9.0,8.4,7.5875
325,2022,6.8,6.0,8.444
325,2023,7.1,5.6,7.0025
325,2024,9.866666666666667,7.0,7.553333333
326,2022,9.7,9.0,8.944
326,2023,9.4,8.2,9.76
326,2024,8.973112128333334,9.333333333333334,8.704
327,2022,8.8,2.8,7.333
328,2022,7.0,5.3,7.5
329,2022,6.9,5.0,5.778
330,2022,8.8,2.5,7.056
330,2023,7.2,3.3,5.8275
331,2022,8.7,3.7,6.944
331,2023,8.6,5.2,6.7975
331,2024,7.735353535333334,3.5,5.62
332,2022,9.0,7.5,8.5
332,2023,8.4,6.8,9.175
332,2024,7.605358505000001,7.0,8.706
333,2022,5.8,2.9,6.722
334,2022,9.2,8.0,8.722
335,2022,9.4,7.4,6.833
336,2022,8.5,5.1,7.889
336,2023,7.5,5.1,7.255
336,2024,5.512100409000001,5.833333333333333,7.196
337,2022,9.3,5.8,7.611
338,2022,7.3,5.8,7.611
338,2023,9.1,6.7,8.38
338,2024,7.441643324,6.833333333333333,8.8375
339,2022,9.9,8.1,8.889
339,2023,8.9,7.1,8.255
339,2024,7.155537064000001,8.166666666666666,7.668
340,2022,8.2,6.5,7.667
340,2023,9.6,8.9,8.505
340,2024,6.585769980666666,5.166666666666667,5.83
341,2022,7.7,5.8,7.5
342,2022,6.7,6.6,7.5
342,2023,8.6,6.6,8.505
342,2024,7.728174603333334,4.5,7.723333333
343,2022,7.4,5.9,7.167
343,2023,7.2,5.7,6.9225
344,2022,8.3,4.5,7.5
345,2022,5.4,3.6,6.667
345,2023,6.8,4.6,7.1725
346,2022,9.1,7.0,7.889
346,2023,9.4,6.2,7.84
346,2024,9.149206349333332,6.166666666666667,8.2525
347,2022,10.0,8.5,8.0
347,2023,9.5,7.3,7.7925
347,2024,9.673046252,7.666666666666667,7.766
348,2022,8.7,1.8,5.833
348,2023,8.7,4.4,8.0075
349,2022,7.7,3.7,3.944
350,2022,8.8,6.5,8.611
350,2023,9.7,9.0,7.92
351,2022,7.2,4.0,8.111
352,2022,8.1,7.0,8.389
352,2023,8.1,7.2,7.17
352,2024,4.453748006333333,3.1666666666666665,6.7925
353,2022,10.0,7.5,8.444
353,2023,9.9,8.4,8.67
354,2022,4.3,4.5,7.333
355,2022,5.0,4.5,6.056
356,2022,8.4,4.6,8.278
356,2023,8.5,3.4,6.5025
356,2024,6.656346749333334,5.333333333333333,6.5375
357,2022,9.6,8.5,7.778
357,2023,9.6,8.7,8.23
357,2024,9.028180354333331,7.666666666666667,7.0825
358,2022,6.5,0.0,7.556
359,2022,7.0,4.6,7.5
359,2023,9.2,5.8,8.255
359,2024,7.162698412666667,5.5,8.333333333
360,2022,8.5,5.2,7.5
360,2023,7.3,4.3,7.4225
360,2024,5.618045113,5.833333333333333,6.993333333
361,2022,9.2,5.0,6.778
362,2022,7.9,7.9,7.5
362,2023,7.5,5.1,7.0875
363,2022,10.0,2.0,7.056
363,2023,9.9,6.8,8.673333333
363,2024,9.523809524,5.333333333333333,6.955
364,2022,10.0,8.8,8.167
364,2023,9.0,5.8,7.505
364,2024,9.526143791,7.5,7.2075
365,2022,10.0,7.8,7.833
365,2023,9.9,8.7,8.953333333
365,2024,10.0,6.666666666666667,8.202
366,2022,9.4,5.5,6.833
367,2022,7.4,6.7,7.5
367,2023,8.7,5.9,7.7925
367,2024,7.268170426,5.0,7.6275
368,2022,7.9,7.3,7.5
368,2023,7.7,6.7,7.34
368,2024,6.166666666666667,7.0,6.7025
369,2022,6.9,4.8,6.889
369,2023,4.1,4.0,7.726666667
369,2024,4.908119658333334,1.6666666666666667,5.428
370,2022,8.2,7.2,7.611
371,2022,8.0,8.4,7.667
372,2022,5.5,7.8,7.389
373,2022,9.5,7.3,6.944
373,2023,9.7,8.4,7.84
374,2022,9.8,6.9,7.944
374,2023,8.3,5.4,7.9175
375,2022,9.5,5.4,7.667
375,2023,9.9,7.9,8.283333333
375,2024,9.443589743666667,6.833333333333333,6.432
376,2022,9.0,4.3,7.5
376,2023,9.6,5.9,8.226666667
376,2024,8.287284610666667,2.833333333333333,6.325
377,2022,7.7,6.2,6.833
377,2023,7.6,4.8,7.6275
377,2024,7.698412698333333,5.166666666666667,7.634
378,2022,6.8,8.1,7.889
379,2022,8.1,5.0,6.778
380,2022,4.4,2.5,4.833
380,2023,6.4,4.5,6.5425
381,2022,8.3,3.3,6.944
381,2023,8.4,3.9,6.84
381,2024,6.133333333333333,3.6666666666666665,6.1225
382,2022,7.7,5.4,7.333
382,2023,9.4,5.2,7.1725
382,2024,6.324561403666666,3.0,6.43
383,2022,9.6,8.1,7.778
383,2023,8.8,6.5,7.5
383,2024,8.600288600333334,5.833333333333333,8.47
384,2022,8.4,8.1,8.0
384,2023,9.1,7.3,7.335
384,2024,8.607503607333333,7.5,7.936
385,2022,7.5,4.9,6.5
386,2022,5.9,4.0,7.222
386,2023,7.0,3.3,6.6325
387,2022,8.2,3.7,6.833
387,2023,6.8,3.0,7.0075
387,2024,7.166666666666667,4.333333333333333,5.9975
388,2022,8.5,4.5,7.722
388,2023,7.4,4.2,7.835
388,2024,6.349206349,4.333333333333333,5.764
389,2022,8.9,3.5,7.556
389,2023,8.2,8.2,8.95
389,2024,6.674358974333333,5.166666666666667,6.745
390,2022,8.8,4.7,7.722
390,2023,8.8,4.8,7.005
390,2024,6.080701754333333,4.166666666666667,6.08
391,2022,8.1,5.1,8.056
391,2023,7.5,3.5,7.585
392,2022,8.8,4.8,6.778
392,2023,9.5,4.6,7.17
392,2024,5.414731682,1.0,3.545
393,2022,5.4,4.6,6.778
394,2022,8.6,5.9,8.444
395,2022,8.9,4.9,8.333
395,2023,8.6,6.0,7.9175
395,2024,6.921693121666666,4.333333333333333,8.464
396,2022,8.0,5.6,6.556
397,2022,5.7,2.8,7.167
397,2023,7.9,4.6,7.465
397,2024,7.885292942666666,5.666666666666667,7.398
398,2022,9.3,5.5,7.5
398,2023,8.1,6.5,7.7925
398,2024,5.733333333333333,8.0,6.553333333
399,2022,9.3,4.3,7.5
399,2023,8.2,4.7,8.165
400,2022,8.5,1.7,7.444
400,2023,9.0,4.1,7.375
401,2022,9.6,4.3,6.722
401,2023,8.1,7.3,7.116666667
401,2024,6.839473684333334,4.833333333333333,6.915
402,2022,3.7,3.0,7.222
402,2023,7.3,4.2,6.88
402,2024,3.074074074,4.166666666666667,6.1175
403,2022,9.3,6.3,7.5
403,2023,8.8,7.8,8.45
403,2024,7.361111111,7.666666666666667,7.613333333
404,2022,7.3,5.3,6.944
404,2023,8.3,6.0,6.89
404,2024,6.286274509666666,5.666666666666667,6.998
405,2022,6.2,3.3,6.0
406,2022,9.5,6.6,7.333
407,2022,9.3,6.0,7.056
407,2023,8.6,7.3,7.5
407,2024,7.614522417333333,3.6666666666666665,7.875
408,2022,9.7,3.3,7.333
408,2023,8.5,6.8,8.45
408,2024,4.981481481666667,4.833333333333333,6.776666667
409,2022,9.7,7.8,7.5
409,2023,9.5,8.0,8.73
409,2024,9.231481481333333,7.166666666666667,7.223333333
410,2022,6.5,2.0,7.444
410,2023,5.8,4.9,6.0425
411,2022,8.6,7.1,7.833
411,2023,9.0,6.6,7.5425
411,2024,9.148148148,4.833333333333333,7.4125
412,2022,9.0,7.3,7.778
412,2023,8.9,6.2,7.585
412,2024,8.456140351,7.333333333333333,8.125
413,2022,8.7,4.7,7.056
413,2023,8.9,6.3,7.503333333
414,2022,9.3,5.9,7.667
414,2023,9.5,6.5,7.585
414,2024,8.429629629666666,6.0,5.67
415,2022,8.3,6.2,8.056
415,2023,8.2,3.7,7.8325
416,2022,9.3,7.2,8.222
416,2023,9.8,7.6,8.3375
416,2024,8.972709551666666,8.0,9.13
417,2022,10.0,8.0,9.556
417,2023,9.7,7.8,8.2125
417,2024,8.401559454333333,8.833333333333334,8.2925
418,2022,9.4,7.5,8.222
418,2023,10.0,8.1,8.045
418,2024,10.0,9.333333333333334,9.0475
419,2022,9.2,6.9,8.389
419,2023,9.5,7.6,7.875
419,2024,9.382456140666669,8.166666666666666,8.5475
420,2022,9.0,4.5,8.0
420,2023,9.3,5.3,7.96
420,2024,9.557894737,4.0,7.96
421,2022,9.3,8.8,9.111
421,2023,9.9,7.3,8.17
421,2024,9.540744978333334,6.666666666666667,8.572
422,2022,10.0,2.5,7.5
422,2023,7.8,4.4,6.106666667
422,2024,6.157407407333333,2.833333333333333,5.5
423,2022,9.6,2.3,7.667
423,2023,8.7,3.4,7.45
423,2024,6.501135191,4.333333333333333,6.8275
424,2022,10.0,7.5,8.222
424,2023,9.9,6.4,7.7925
424,2024,9.616228070333332,3.333333333333333,7.1625
425,2022,10.0,9.0,7.5
425,2023,9.9,7.5,8.3775
425,2024,10.0,9.0,8.8375
426,2022,6.5,4.6,7.111
426,2023,7.6,5.0,7.5425
426,2024,7.905056759666666,4.833333333333333,8.0
427,2022,8.5,2.5,6.778
428,2022,8.7,9.5,7.111
428,2023,9.5,7.2,8.0425
428,2024,8.898245614,5.0,7.625
429,2022,5.3,2.7,6.611
430,2022,8.6,8.5,6.611
430,2023,9.3,6.4,7.75
431,2022,8.1,4.5,6.778
432,2022,6.8,5.1,6.611
432,2023,9.0,5.2,8.0425
432,2024,10.0,5.5,7.2875
433,2022,7.3,2.6,5.778
433,2023,7.2,4.8,7.613333333
433,2024,8.380952381,4.833333333333333,6.415
434,2022,8.1,5.7,6.778
434,2023,8.0,6.6,7.613333333
434,2024,5.061904762,5.5,6.55
435,2022,6.2,4.7,6.444
436,2022,8.1,2.0,6.611
436,2023,4.7,3.4,7.613333333
437,2022,8.3,5.8,6.611
437,2023,8.4,4.7,7.78
438,2022,8.7,7.3,6.889
438,2023,7.5,5.4,7.223333333
438,2024,8.6630434785,8.25,7.915
439,2022,4.9,2.3,6.5
440,2022,9.0,5.5,5.833
440,2023,8.2,6.2,7.835
441,2022,7.9,8.0,8.333
442,2022,8.2,7.5,8.222
442,2023,7.6,5.8,8.1275
442,2024,5.9151960783333335,5.0,7.8775
443,2022,9.1,5.6,8.5
443,2023,7.5,7.6,8.125
444,2022,7.2,3.1,7.778
444,2023,7.9,4.7,6.4575
444,2024,6.377276524666667,3.6666666666666665,5.96
445,2022,9.4,3.8,7.5
445,2023,8.8,8.4,8.176666667
445,2024,8.715873016,4.0,7.3725
446,2022,8.9,6.9,7.889
447,2022,7.0,3.5,5.556
448,2022,9.7,5.5,8.111
449,2022,6.0,7.0,8.111
449,2023,7.2,7.0,6.8425
450,2022,9.1,7.5,8.111
450,2023,8.4,5.4,7.9175
450,2024,8.954191033333332,7.5,7.58
451,2022,6.0,6.1,6.889
451,2023,9.5,8.9,9.896666667
452,2022,5.6,4.8,7.167
453,2022,8.7,8.8,7.778
454,2022,8.6,2.3,5.444
454,2023,7.5,2.6,5.54
454,2024,6.633138401666667,3.6666666666666665,5.833333333
455,2022,7.9,6.3,7.278
455,2024,6.111111111,4.5,7.276666667
456,2022,8.2,7.3,8.389
456,2023,8.3,9.9,9.953333333
456,2024,9.382456140333334,6.5,8.893333333
457,2022,8.8,8.5,7.667
457,2023,8.6,8.1,8.045
457,2024,8.743961352333335,8.666666666666666,7.77
458,2022,7.7,5.6,5.833
458,2023,6.9,3.8,6.2475
458,2024,3.739682539666666,4.0,6.83
459,2022,9.1,7.3,7.222
459,2023,9.3,8.3,7.88
459,2024,8.454106280333333,4.666666666666667,7.366
460,2022,8.1,3.3,5.056
461,2022,6.7,3.8,7.222
461,2023,7.9,7.4,8.616666667
461,2024,9.182446312,4.5,7.056666667
462,2022,8.5,3.6,6.778
462,2023,8.1,2.7,6.5825
463,2022,7.8,2.5,7.389
463,2023,5.4,4.0,7.795
464,2022,8.0,4.8,7.722
464,2023,7.7,3.0,7.38
464,2024,7.851461988333334,4.333333333333333,7.1175
465,2022,7.9,7.8,8.444
465,2023,9.4,8.5,8.17
466,2022,9.7,3.3,7.556
466,2023,7.6,4.5,7.056666667
466,2024,7.223245614,4.0,7.665
467,2022,8.4,5.5,7.111
467,2023,9.2,5.2,7.5425
467,2024,9.140350877333333,6.833333333333333,7.54
468,2022,6.7,4.1,6.722
468,2023,6.0,3.4,6.715
469,2022,9.6,5.7,7.833
469,2023,9.3,7.8,8.843333333
469,2024,9.498366013,5.0,6.94
470,2022,9.7,6.3,7.5
470,2023,9.2,4.9,7.71
470,2024,8.011695906666667,3.333333333333333,6.4975
471,2022,8.5,6.3,8.056
471,2023,9.0,5.0,8.125
471,2024,7.027568922333333,5.5,8.0425
472,2022,7.0,2.0,7.056
472,2023,7.1,5.5,8.223333333
472,2024,7.48447205,6.25,6.333333333
473,2022,6.1,4.3,5.889
474,2022,9.1,3.0,6.0
474,2023,7.8,3.3,6.7575
474,2024,5.818518518666667,3.0,6.8725
475,2022,9.2,5.8,7.667
476,2022,9.3,5.5,7.556
476,2023,7.0,4.1,7.505
476,2024,6.5964912280000005,4.5,6.745
477,2022,5.0,0.7,4.5
478,2022,9.1,4.9,7.056
478,2023,7.3,4.4,7.2975
479,2022,9.2,9.8,9.5
479,2023,10.0,9.7,9.6375
479,2024,9.866666666666667,9.666666666666666,9.45
480,2022,8.8,6.3,8.444
480,2023,9.7,7.9,8.336666667
480,2024,8.0714285715,5.0,7.443333333
481,2022,8.0,5.2,6.889
482,2022,7.9,5.5,6.833
483,2022,4.8,2.4,6.833
483,2023,6.0,5.6,8.166666667
483,2024,5.6428571430000005,5.25,8.056666667
484,2022,8.7,6.5,6.389
484,2023,7.5,3.6,6.8
484,2024,3.9141382866666654,0.0,3.1225
485,2022,4.0,1.2,5.444
486,2022,9.9,7.3,7.222
486,2023,6.4,6.2,8.7525
487,2022,9.7,9.6,9.333
487,2023,9.9,9.5,9.26
487,2024,9.441269841333334,9.666666666666666,9.1725
488,2022,8.8,7.3,7.722
489,2022,7.2,0.0,6.5
490,2022,8.2,7.7,8.722
490,2023,7.9,5.8,9.0075
490,2024,5.5110047846666665,6.166666666666667,7.295
491,2022,9.7,7.0,7.722
491,2023,9.6,5.0,8.3375
491,2024,9.011904762,5.25,7.166666667
492,2022,8.8,7.1,8.278
493,2022,9.4,7.2,8.278
493,2023,9.6,6.0,8.84
493,2024,8.933333333333334,3.1666666666666665,6.705
494,2022,8.3,5.8,6.944
494,2023,9.0,6.8,8.71
494,2024,7.329323308333333,6.333333333333333,8.915
495,2022,8.9,8.4,8.056
495,2023,8.4,7.4,8.755
496,2022,6.8,5.7,7.556
496,2023,7.1,8.3,8.71
496,2024,5.315995871999999,5.666666666666667,6.1625
497,2022,9.2,5.1,5.833
497,2023,8.7,3.5,6.885
497,2024,6.095238095,1.0,3.506666667
498,2022,8.8,8.8,7.556
499,2022,10.0,8.2,7.444
499,2023,10.0,6.6,8.2975
499,2024,9.0476190475,4.75,7.5
500,2022,10.0,9.5,7.889
500,2023,10.0,7.9,8.7975
500,2024,10.0,6.666666666666667,8.3775
501,2022,8.8,6.8,7.333
501,2023,8.4,8.9,9.396666667
501,2024,7.9949874685,8.75,8.17
502,2022,9.7,7.4,7.778
502,2023,9.8,8.0,8.95
502,2024,9.761904762,8.0,8.84
503,2022,10.0,8.8,7.5
503,2023,10.0,8.7,8.255
503,2024,9.824561403666666,7.666666666666667,7.7925
504,2022,8.9,8.0,7.556
504,2023,8.3,7.9,8.836666667
505,2022,8.0,8.4,7.556
506,2022,7.3,7.2,7.278
506,2023,8.1,8.5,7.92
507,2022,10.0,7.4,7.222
508,2022,7.4,4.5,7.556
508,2023,8.6,7.5,8.6725
508,2024,5.567251461999999,4.666666666666667,7.5
509,2022,8.2,9.2,7.833
509,2023,8.1,8.6,8.84
509,2024,6.363636363666667,6.0,7.2475
510,2022,9.3,7.1,7.056
511,2022,10.0,5.3,7.056
512,2022,9.3,6.2,7.722
513,2022,9.6,8.3,7.778
513,2023,9.7,7.5,9.0075
513,2024,8.831746031666666,7.666666666666667,8.545
514,2022,9.7,4.8,5.889
514,2023,7.5,5.5,5.896666667
514,2024,7.595238095,3.0,5.996666667
515,2022,6.3,5.8,7.556
516,2022,9.7,9.9,8.056
516,2023,9.8,9.3,8.7175
516,2024,10.0,8.833333333333334,7.56
517,2022,9.5,7.7,7.833
517,2023,9.0,6.6,6.7125
517,2024,5.266499582333334,5.0,6.11
518,2022,9.4,7.5,7.5
518,2023,8.5,6.7,6.9175
518,2024,6.830075188,4.0,6.94
519,2022,9.6,7.5,7.333
519,2023,9.9,7.4,8.223333333
520,2022,6.8,6.8,7.278
521,2022,10.0,6.0,7.5
521,2023,9.9,7.9,8.166666667
521,2024,9.0357142855,6.25,7.276666667
522,2022,9.1,7.5,8.167
522,2023,9.2,8.3,8.45
522,2024,9.523809524,9.0,7.89
523,2022,9.5,6.5,7.556
524,2022,9.4,9.1,8.056
524,2023,9.2,8.9,7.42
524,2024,5.111779448666667,8.666666666666666,7.39
525,2022,9.3,8.6,8.167
525,2023,8.6,9.2,9.566666667
526,2022,9.9,8.0,8.167
526,2023,9.8,8.8,7.7525
526,2024,9.382456140333334,7.333333333333333,7.496666667
527,2022,10.0,6.5,7.5
527,2023,9.1,6.5,7.78
527,2024,10.0,6.0,7.383333333
528,2022,6.2,4.0,6.944
528,2023,8.5,8.2,7.92
528,2024,5.793483709333334,6.666666666666667,6.936666667
529,2022,8.9,5.2,6.556
529,2023,9.6,6.8,6.893333333
529,2024,6.607142857,4.25,4.886666667
530,2022,9.0,8.9,9.056
530,2023,8.8,5.7,7.46
530,2024,6.468838763666667,4.5,7.496666667
531,2022,9.8,7.8,8.167
531,2023,10.0,7.7,8.59
531,2024,9.803921568666668,6.666666666666667,7.335
532,2022,9.7,5.5,7.167
533,2022,8.8,6.0,7.333
533,2023,9.3,5.8,7.613333333
534,2022,7.4,7.1,7.333
534,2023,8.1,5.4,7.92
534,2024,6.043441938333333,5.0,7.103333333
535,2022,9.2,5.1,6.917
535,2023,9.4,5.6,8.95
535,2024,7.161904762,6.0,7.5
536,2022,8.9,6.0,7.75
536,2023,9.3,5.9,9.17
536,2024,9.109090909,5.5,7.415
537,2022,9.0,4.8,7.167
538,2022,7.5,6.8,5.583
538,2023,8.6,4.7,7.39
538,2024,7.668803418666666,6.166666666666667,5.292
539,2022,9.3,7.5,8.417
539,2023,8.6,8.5,8.84
539,2024,9.233333333333333,5.833333333333333,9.13
540,2022,9.5,7.0,7.5
540,2023,8.8,7.1,8.95
541,2022,7.8,2.5,5.0
542,2022,9.8,6.5,7.417
542,2023,9.7,6.3,9.006666667
542,2024,6.481366459666667,3.9333333333333336,6.232
543,2022,9.8,6.5,7.167
543,2023,9.8,6.5,9.006666667
543,2024,9.616977225666666,6.833333333333333,8.7
544,2022,9.7,3.3,6.0
545,2022,6.6,5.5,7.5
546,2022,7.9,5.6,7.917
546,2023,7.2,5.7,9.173333333
546,2024,3.783838383666666,4.666666666666667,5.5
547,2022,9.7,7.6,8.833
547,2023,9.1,6.2,8.95
547,2024,7.030620028333334,6.833333333333333,5.932
548,2022,9.1,7.2,7.583
548,2023,9.1,7.4,8.283333333
548,2024,7.600427350666667,6.666666666666667,5.626
549,2022,7.9,4.2,6.167
549,2023,8.1,6.4,7.5
549,2024,7.204968943999999,5.75,5.9125
550,2022,9.0,1.9,6.25
551,2022,7.3,6.6,7.333
551,2023,8.6,5.4,8.393333333
552,2022,8.8,5.5,7.167
552,2023,5.6,6.4,6.89
553,2022,6.9,3.3,8.167
554,2022,6.0,4.0,5.75
555,2022,8.1,4.4,5.167
555,2023,8.1,3.9,6.946666667
555,2024,2.750517598333333,4.333333333333333,5.03
556,2022,8.8,6.4,8.25
556,2023,9.6,7.2,9.396666667
556,2024,6.171428571333333,3.8333333333333335,6.1625
557,2022,8.4,9.4,9.333
557,2023,8.2,8.9,9.62
557,2024,8.756265663999999,9.666666666666666,9.576
558,2022,8.5,4.3,4.5
558,2023,9.4,6.0,6.78
558,2024,3.7763975156666674,3.0,4.268
559,2022,9.2,7.1,8.083
559,2023,9.4,7.4,8.506666667
559,2024,5.705128205,3.1666666666666665,4.728
560,2022,7.2,3.8,3.75
560,2023,8.4,4.0,6.0
561,2022,9.0,7.4,8.833
562,2022,9.0,8.0,8.75
562,2023,8.5,8.7,8.893333333
562,2024,9.833333333333334,7.833333333333333,7.25
563,2022,9.2,8.5,8.833
563,2023,9.7,6.2,8.726666667
563,2024,9.461904762,8.333333333333334,7.468
564,2022,3.8,2.3,6.833
565,2022,4.1,2.9,5.917
566,2022,8.4,8.5,7.917
566,2023,8.8,8.4,8.673333333
567,2022,6.0,4.8,6.833
568,2022,8.6,8.3,7.944
568,2023,7.9,7.6,8.01
568,2024,3.2619047620000003,5.166666666666667,5.496
569,2022,8.7,6.8,7.333
570,2022,7.0,1.3,6.778
570,2023,7.3,5.9,8.056666667
570,2024,8.0020703935,6.75,6.4075
571,2022,8.8,3.7,6.944
571,2023,7.9,5.0,7.616666667
571,2024,8.695652174,5.25,5.8325
572,2022,8.0,6.8,6.833
573,2022,9.9,8.2,8.944
573,2023,9.8,6.6,8.45
573,2024,9.5,5.0,6.8275
574,2022,7.2,7.5,6.944
574,2023,8.2,8.1,8.173333333
575,2022,6.1,2.8,7.0
576,2022,9.1,7.8,7.111
576,2023,9.3,8.0,8.503333333
576,2024,10.0,9.25,8.4975
577,2022,9.3,9.0,7.111
577,2023,8.2,7.4,7.673333333
577,2024,5.7660455485,8.0,6.535
578,2022,10.0,9.5,9.611
578,2023,10.0,9.7,9.7625
578,2024,10.0,9.833333333333334,9.45
579,2022,5.8,3.8,7.222
580,2022,9.6,7.6,7.167
580,2023,9.8,9.0,8.67
580,2024,8.871635610999999,9.25,7.2475
581,2022,8.9,5.0,5.889
581,2023,9.8,7.9,7.393333333
581,2024,8.198757764,8.75,6.165
582,2022,9.0,4.9,7.222
583,2022,9.4,7.1,7.333
583,2023,9.4,6.3,8.616666667
583,2024,8.904455179666668,5.0,6.87
584,2022,8.5,4.6,7.333
584,2023,9.0,5.8,8.56
584,2024,5.636363636333333,4.333333333333333,6.37
585,2022,9.1,5.0,6.889
586,2022,9.6,8.2,8.778
586,2023,10.0,8.4,9.343333333
586,2024,9.241269841333333,8.5,8.056666667
587,2022,9.3,3.8,6.167
587,2023,7.0,2.7,6.72
587,2024,7.380952381,6.25,5.74
588,2022,10.0,9.3,8.278
588,2023,9.6,7.8,9.673333333
588,2024,9.833333333333334,7.833333333333333,8.0
589,2022,9.4,5.8,7.056
590,2022,8.6,7.4,7.611
590,2023,9.7,6.5,8.34
590,2024,8.457556936,4.0,7.723333333
591,2022,9.3,7.1,7.389
591,2023,8.5,6.9,7.333333333
591,2024,7.913043478500001,7.5,6.54
592,2022,8.5,8.4,7.778
592,2023,9.2,7.6,8.95
592,2024,6.108152734666667,7.833333333333333,7.625
593,2022,7.4,4.6,6.278
594,2022,9.4,7.8,6.889
594,2023,7.1,5.8,7.336666667
594,2024,5.75,7.0,6.053333333
595,2022,5.5,1.0,6.0
595,2023,7.0,3.3,5.55
596,2022,10.0,9.3,9.0
597,2022,10.0,8.0,7.056
597,2023,9.6,8.5,8.56
597,2024,9.3271221535,6.0,6.883333333
598,2022,7.2,3.7,6.944
599,2022,9.2,9.1,8.556
599,2023,9.5,8.5,9.286666667
599,2024,8.607843137333333,7.666666666666667,7.28
600,2022,8.4,3.9,6.833
600,2023,8.4,7.2,8.056666667
600,2024,8.010869565,7.5,7.22
601,2022,9.7,5.7,7.167
601,2023,10.0,8.7,8.336666667
601,2024,10.0,8.75,8.425
602,2022,9.7,8.6,7.667
602,2023,9.6,8.1,9.51
602,2024,9.670588235333334,7.333333333333333,8.545
603,2022,9.5,7.5,8.0
603,2023,8.9,7.0,7.78
603,2024,7.155555555666666,4.666666666666667,6.216666667
604,2022,9.0,8.8,8.333
604,2023,9.3,7.5,8.616666667
604,2024,7.502992776333333,7.0,6.21
605,2022,9.3,7.1,7.556
605,2023,9.5,6.8,7.84
605,2024,6.194444444333333,2.6666666666666665,5.534
606,2022,9.0,1.8,6.111
606,2023,8.5,6.0,8.223333333
606,2024,7.613636363499999,3.25,5.606666667
607,2022,8.1,4.0,7.444
607,2023,7.5,6.8,8.17
607,2024,7.4782608695,7.0,7.165
608,2022,9.6,6.3,7.222
608,2023,7.5,6.2,8.113333333
608,2024,3.054347826,4.25,5.053333333
609,2022,7.6,6.0,7.056
609,2023,6.4,5.3,6.216666667
610,2022,9.6,6.5,8.5
610,2023,10.0,7.0,8.896666667
610,2024,9.694444444333334,6.333333333333333,8.336666667
611,2022,7.6,9.5,7.556
612,2022,9.2,7.9,7.167
612,2023,9.7,9.7,9.286666667
612,2024,9.5454545455,9.75,9.4
613,2022,9.2,9.2,8.556
613,2023,9.4,4.8,7.2125
613,2024,9.566666666666666,7.333333333333333,6.25
614,2022,9.7,9.6,8.278
614,2023,9.1,8.6,8.563333333
614,2024,9.7,6.833333333333333,7.603333333
615,2022,9.7,7.3,6.889
615,2023,9.7,7.6,8.616666667
616,2022,7.4,8.8,7.278
616,2023,6.6,6.8,6.783333333
616,2024,3.087719298333333,3.8333333333333335,4.946666667
617,2022,8.9,6.3,6.778
617,2023,9.0,6.9,8.116666667
618,2022,8.3,6.7,7.333
618,2023,9.2,6.2,7.95
618,2024,8.324074074,4.166666666666667,6.826666667
619,2022,8.0,9.0,7.333
619,2023,7.1,9.0,8.116666667
620,2022,7.5,6.8,6.833
620,2023,8.4,6.2,7.503333333
620,2024,3.984126984333333,2.5,5.886666667
621,2022,7.7,7.5,8.222
622,2022,3.8,3.8,6.0
623,2022,9.0,8.3,7.389
623,2023,9.5,7.3,7.446666667
623,2024,7.399999999999999,4.0,7.05
624,2022,8.9,6.8,7.722
624,2023,9.2,8.6,8.39
624,2024,8.219461698,4.0,7.213333333
625,2022,9.2,7.8,7.333
626,2022,7.6,1.3,7.278
626,2023,9.2,6.5,7.613333333
626,2024,3.380451127666667,5.333333333333333,6.443333333
627,2022,6.7,6.5,7.0
628,2022,7.6,9.2,7.333
628,2023,8.9,9.4,8.45
628,2024,10.0,9.0,7.833333333
629,2022,10.0,7.0,7.278
629,2023,9.4,7.5,7.95
629,2024,9.523809524,6.0,7.276666667
630,2022,9.2,7.3,7.278
630,2023,8.6,5.7,8.673333333
630,2024,8.4782608695,5.75,7.666666667
631,2022,6.8,7.0,7.222
631,2023,6.4,7.0,6.78
631,2024,7.212200435666666,4.166666666666667,6.245
632,2022,9.3,6.3,6.722
632,2023,9.1,7.4,8.563333333
632,2024,8.999164578333334,4.166666666666667,7.875
633,2022,8.9,7.7,7.833
633,2023,8.1,7.2,7.286666667
633,2024,4.707017544,3.333333333333333,6.1175
634,2022,9.4,6.5,8.222
635,2022,4.9,1.5,6.444
636,2022,8.0,7.3,7.389
636,2023,8.3,9.0,7.446666667
636,2024,4.9043062200000005,5.25,5.553333333
637,2022,9.0,5.8,7.0
637,2023,9.5,8.5,8.17
637,2024,6.2272727275,7.75,7.776666667
638,2022,9.3,3.9,6.278
638,2023,9.4,6.5,7.946666667
638,2024,5.7272727275,5.0,5.936666667
639,2022,7.4,5.5,6.611
639,2023,8.1,6.3,7.62
639,2024,5.278195488666667,3.8333333333333335,6.1625
640,2022,8.4,4.8,6.778
640,2023,7.3,4.9,8.446666667
641,2022,9.3,6.5,6.778
642,2022,9.7,7.3,7.778
642,2023,9.2,6.5,9.173333333
642,2024,9.149206349333332,4.0,6.9975
643,2022,8.0,6.2,6.722
643,2023,8.2,7.1,7.613333333
643,2024,6.8660287085,4.5,5.826666667
644,2022,8.0,8.8,8.278
644,2023,5.6,5.9,7.503333333
645,2022,8.1,2.0,6.833
645,2023,8.5,7.3,8.116666667
645,2024,8.3863636365,5.25,7.556666667
646,2022,9.8,8.4,8.389
646,2023,8.9,8.4,8.783333333
646,2024,9.266666666666667,6.166666666666667,7.7475
647,2022,8.6,3.3,7.278
647,2023,8.7,5.2,8.446666667
648,2022,7.5,5.3,7.5
649,2022,8.9,7.4,7.611
649,2023,9.3,6.5,8.836666667
649,2024,6.004481792666667,3.6666666666666665,7.333333333
650,2022,8.7,6.9,7.5
651,2022,9.3,7.8,8.333
651,2023,8.2,9.3,7.95
651,2024,10.0,7.5,8.336666667
652,2022,9.6,7.8,7.5
652,2023,9.4,7.0,8.446666667
652,2024,6.931818182000001,5.5,7.663333333
653,2022,9.6,9.3,7.5
653,2023,9.8,7.9,9.06
653,2024,9.537254902,5.166666666666667,7.89
654,2022,8.6,6.8,7.556
655,2022,9.2,8.3,8.389
655,2023,9.9,8.3,8.896666667
655,2024,10.0,6.833333333333333,7.166666667
656,2022,7.5,6.3,7.5
656,2023,8.9,7.3,7.173333333
656,2024,5.978431372666667,4.166666666666667,6.106666667
657,2022,9.8,9.0,7.5
657,2023,10.0,8.2,8.73
657,2024,9.6,7.5,7.056666667
658,2022,9.3,5.6,7.917
658,2023,9.5,6.1,9.173333333
658,2024,10.0,3.6666666666666665,6.738
659,2022,7.8,9.3,8.333
660,2022,9.0,6.9,9.083
661,2022,8.3,7.8,7.917
661,2023,7.7,6.5,7.836666667
662,2022,8.8,6.8,6.083
662,2023,7.6,6.7,6.72
662,2024,7.610722610666666,4.166666666666667,7.234
663,2022,8.7,5.8,5.25
663,2023,7.4,7.0,7.393333333
663,2024,7.0910973085,6.5,6.89
664,2022,8.8,6.3,7.167
664,2023,9.6,8.0,8.116666667
664,2024,6.7734553775,5.75,7.666666667
665,2022,7.4,6.8,7.25
665,2023,4.9,5.2,8.226666667
665,2024,5.068181818,4.75,5.443333333
666,2022,9.1,7.8,8.833
666,2023,9.1,7.1,9.62
666,2024,7.881527348,7.166666666666667,8.375
667,2022,5.6,4.5,5.833
667,2023,6.9,5.2,7.836666667
667,2024,7.038986354666666,4.666666666666667,6.966
668,2022,3.3,2.8,3.75
668,2023,6.3,3.4,7.616666667
669,2022,9.7,6.0,7.833
669,2023,7.8,5.0,7.06
669,2024,4.851851851666666,5.333333333333333,6.883333333
670,2022,8.8,6.9,8.167
670,2023,8.7,7.0,9.343333333
670,2024,9.441269841333334,8.666666666666666,8.166666667
671,2022,8.2,8.8,7.417
671,2023,8.3,7.8,5.68
672,2022,8.5,8.8,6.75
672,2023,9.5,6.4,6.43
672,2024,3.95256917,0.0,4.496666667
673,2022,9.2,9.2,8.583
674,2022,8.7,8.0,6.333
674,2023,8.5,5.2,8.67
675,2022,6.6,7.4,7.083
675,2023,8.0,8.3,8.34
676,2022,8.6,9.3,8.167
677,2022,9.4,7.3,8.583
677,2023,8.2,8.7,9.84
678,2022,10.0,7.3,9.5
678,2023,8.8,7.3,8.336666667
679,2022,8.2,6.3,7.833
679,2023,7.5,3.6,7.393333333
680,2022,8.8,7.4,7.75
680,2023,9.1,6.4,7.78
680,2024,6.6428571430000005,3.0,6.606666667
681,2022,8.5,6.5,8.0
681,2023,7.8,8.3,8.18
681,2024,7.840909091,2.5,6.665
682,2022,9.1,7.0,8.083
683,2022,5.0,4.0,8.083
684,2022,7.5,9.3,7.917
684,2023,8.1,6.5,5.84
684,2024,9.090909091,4.25,8.0
685,2022,6.2,8.0,7.833
686,2022,8.6,8.8,8.083
686,2023,9.0,8.0,8.56
686,2024,8.7857142855,7.25,7.503333333
687,2022,9.0,8.3,8.0
687,2023,9.0,6.9,8.226666667
687,2024,9.2355889725,7.25,8.003333333
688,2022,9.7,7.9,7.917
688,2023,9.3,8.6,8.06
688,2024,10.0,7.5,9.45
689,2022,7.9,5.8,6.667
690,2022,9.5,7.0,7.417
690,2023,9.8,9.1,10.01
690,2024,8.409090909,6.25,7.835
691,2022,9.2,9.4,7.917
692,2022,8.9,6.9,7.917
692,2023,7.7,4.6,7.39
693,2022,9.8,5.7,7.667
693,2023,9.4,8.5,10.01
693,2024,9.5227272725,8.0,8.42
694,2022,9.0,8.1,7.917
695,2022,3.1,2.5,2.5
696,2022,9.0,6.6,8.167
696,2023,9.4,6.7,8.503333333
696,2024,7.845238095,5.25,8.0
697,2022,9.3,8.4,8.083
698,2022,9.8,8.1,8.083
698,2023,9.9,5.7,8.113333333
698,2024,8.3214285715,4.5,7.273333333
699,2022,9.2,7.1,6.0
699,2023,8.3,6.0,6.173333333
699,2024,7.727272727000001,6.5,5.833333333
700,2022,8.7,9.2,7.083
700,2023,9.7,7.8,9.84
700,2024,9.564393939,5.25,7.0
701,2022,9.3,8.7,7.417
701,2023,9.9,7.2,7.68
702,2022,8.6,6.8,7.0
702,2023,10.0,9.3,7.833333333
702,2024,9.75,9.25,7.163333333
703,2022,7.4,5.1,6.833
703,2023,8.4,4.6,6.16
704,2022,8.6,7.2,6.583
704,2023,9.9,6.1,6.265
704,2024,8.646245059,6.5,6.616666667
705,2022,6.2,7.1,6.333
705,2023,8.3,8.8,8.165
705,2024,6.4285714285,3.5,4.226666667
706,2022,6.7,9.1,8.417
706,2023,7.8,7.3,8.08
706,2024,7.1428571430000005,3.25,7.0
707,2022,8.1,8.5,8.083
707,2023,9.8,6.5,7.946666667
707,2024,7.7236842105,6.5,6.415
708,2022,8.4,7.3,7.583
708,2023,9.8,9.2,8.28
709,2022,3.5,2.3,7.083
709,2023,7.9,4.9,6.59
709,2024,7.994071146,6.0,6.773333333
710,2022,8.9,6.9,8.0
710,2023,9.0,6.5,7.113333333
710,2024,8.170995671,6.75,6.5375
711,2022,7.9,3.5,6.0
712,2022,5.1,8.0,5.833
712,2023,5.6,6.7,6.836666667
712,2024,5.983436853,6.75,6.04
713,2022,8.7,7.8,7.25
713,2023,9.6,7.5,8.166666667
713,2024,7.525879916999999,6.75,6.79
714,2022,6.9,8.0,7.25
714,2023,8.0,7.4,7.223333333
714,2024,6.873706004,4.0,6.9975
715,2022,8.7,4.9,7.917
715,2023,9.5,5.4,7.675
715,2024,5.250626566499999,2.75,4.67
716,2022,8.1,6.7,5.417
716,2023,8.7,5.6,7.443333333
716,2024,5.5335968375,5.75,5.7875
717,2022,7.3,5.4,7.917
717,2023,8.5,5.9,8.446666667
718,2022,8.9,9.2,7.417
718,2023,9.1,7.8,8.39
718,2024,9.5138888885,9.5,7.946666667
719,2022,4.6,4.2,6.083
719,2023,5.3,5.9,7.095
719,2024,7.3484848485,6.5,6.7425
720,2022,5.9,7.6,7.083
721,2022,8.1,7.6,7.917
721,2023,9.5,8.4,8.443333333
721,2024,9.5445134575,8.25,8.755
722,2022,8.1,8.1,8.333
722,2023,9.6,6.4,8.67
723,2022,6.6,5.5,8.167
724,2022,5.9,5.6,8.0
725,2022,5.9,5.0,5.5
725,2023,9.0,8.4,8.113333333
725,2024,7.6710526315,7.25,6.773333333
726,2022,7.5,4.4,6.583
726,2023,6.1,6.0,8.17
727,2022,7.7,8.4,6.75
727,2023,8.8,8.0,9.34
727,2024,8.4848484845,8.5,8.056666667
728,2022,7.3,9.1,8.167
729,2022,8.7,8.1,7.25
729,2023,9.1,8.6,7.01
729,2024,8.4166666665,6.0,7.5
730,2022,8.2,8.3,8.25
730,2023,8.7,7.8,8.67
730,2024,7.152777778,9.5,8.666666667
731,2022,8.5,7.3,7.083
731,2023,7.6,6.8,7.45
731,2024,4.188311688500001,2.5,4.835
732,2022,7.9,7.2,7.5
733,2022,8.5,5.1,6.917
733,2023,8.7,6.2,8.893333333
733,2024,10.0,9.25,9.085
734,2022,7.2,7.3,7.417
734,2023,8.0,6.9,7.446666667
735,2022,9.0,7.3,8.583
735,2023,9.0,8.1,8.393333333
735,2024,9.7826086955,8.0,7.705
736,2022,8.5,5.4,7.0
736,2023,9.5,6.7,8.11
737,2022,9.2,9.0,9.167
737,2023,7.8,7.5,7.783333333
737,2024,8.6542443065,9.25,8.0
738,2022,8.1,5.7,7.5
738,2023,9.3,6.0,8.336666667
738,2024,7.292490119,7.25,7.39
739,2022,7.3,5.9,7.083
739,2023,8.3,7.6,8.25
740,2022,9.0,7.2,7.5
740,2023,8.7,9.1,8.925
740,2024,9.555335968,8.0,8.223333333
741,2022,8.4,6.3,7.417
741,2023,6.9,5.1,7.095
741,2024,5.2964426875,3.75,4.223333333
742,2022,8.7,7.3,7.5
742,2023,7.6,7.5,10.01
743,2022,7.9,4.8,7.5
743,2023,9.1,7.1,9.01
743,2024,9.2727272725,7.0,7.5
744,2022,9.7,6.2,7.5
745,2022,8.5,8.1,7.75
745,2023,9.3,7.0,8.893333333
745,2024,10.0,8.5,8.17
746,2022,9.1,7.2,7.417
746,2023,8.0,7.2,7.113333333
746,2024,7.4305555555,8.0,7.33
747,2022,7.6,8.8,7.917
747,2023,8.0,3.1,6.94
747,2024,8.095238095,2.25,5.335
748,2022,9.0,9.1,8.25
748,2023,9.7,9.1,10.01
748,2024,10.0,7.75,8.005
749,2022,7.7,8.8,7.25
749,2023,9.0,7.3,8.425
749,2024,9.7368421055,8.75,7.665
750,2022,8.9,6.8,5.167
750,2023,7.7,3.4,6.32
750,2024,5.938735178,3.75,3.176666667
751,2022,5.8,3.8,6.167
752,2022,9.0,9.5,8.417
752,2023,9.9,6.4,9.23
752,2024,7.525879916999999,5.75,5.613333333
753,2022,8.6,9.1,8.417
753,2023,9.9,9.0,9.925
753,2024,9.047619048,8.5,8.255
754,2022,5.8,7.9,6.917
754,2023,6.1,5.6,6.67
754,2024,6.25,6.25,4.75
755,2022,9.2,9.5,8.083
755,2023,9.5,9.2,10.01
755,2024,10.0,9.75,9.09
756,2022,7.9,5.7,7.25
756,2023,8.7,6.1,6.59
756,2024,8.75,5.5,7.24
757,2022,9.3,9.7,8.5
757,2023,9.6,9.3,10.01
757,2024,9.285714286,7.0,8.34
758,2022,9.1,8.1,8.333
759,2022,8.6,7.5,7.833
760,2022,9.2,8.8,8.917
760,2023,8.8,6.3,7.84
760,2024,7.090909091,5.0,6.158
761,2022,9.4,8.2,8.25
761,2023,9.7,8.4,8.12
761,2024,8.8636363635,7.25,8.003333333
762,2022,9.7,6.7,7.083
762,2023,9.1,5.8,7.67
762,2024,6.4239130435,3.75,5.7525
763,2022,9.7,6.5,7.167
763,2023,9.2,7.9,9.0
763,2024,8.8636363635,5.25,6.825
764,2022,8.8,7.5,7.667
764,2023,9.2,7.8,8.56
764,2024,7.8804347825,6.0,8.336666667
765,2022,9.3,4.3,7.417
766,2022,9.5,8.7,8.333
766,2023,8.7,8.7,8.336666667
767,2022,9.0,7.0,7.583
767,2023,8.3,6.3,7.446666667
767,2024,9.0476190475,8.25,8.085
768,2022,10.0,7.1,7.583
768,2023,9.1,7.9,10.01
768,2024,7.9841897235,5.5,7.495
769,2022,7.5,7.9,8.5
769,2023,9.3,8.0,8.675
769,2024,5.9523809525,6.0,8.33
770,2022,8.9,8.3,7.333
770,2023,8.3,5.9,8.92
770,2024,9.022556391,5.0,7.5
771,2022,8.3,7.0,7.5
771,2023,8.8,8.2,8.585
771,2024,6.619047619,6.5,6.08
772,2022,5.4,9.2,7.25
772,2023,7.2,4.8,8.003333333
773,2022,6.8,8.1,7.083
773,2023,7.5,7.9,7.67
773,2024,8.75,5.0,6.575
774,2022,7.8,6.1,7.417
774,2023,9.5,6.9,6.34
774,2024,6.3928571430000005,3.75,6.405
775,2022,5.7,5.7,6.417
776,2022,4.3,1.7,6.333
776,2023,7.0,3.5,7.223333333
776,2024,5.9523809525,0.0,6.5
777,2022,7.7,5.3,7.0
777,2023,9.3,6.3,8.84
777,2024,8.7757437075,4.5,7.723333333
778,2022,6.7,7.1,8.833
778,2023,7.9,8.2,8.62
778,2024,8.1235697945,7.0,7.7475
779,2022,5.0,2.6,7.083
780,2022,7.6,6.9,7.167
780,2023,8.8,8.3,8.675
780,2024,10.0,6.0,8.17
781,2022,8.9,8.3,7.75
781,2023,9.8,7.9,9.116666667
781,2024,9.75,7.25,8.506666667
782,2022,8.4,6.0,7.0
782,2023,9.8,7.5,9.345
782,2024,7.857142856999999,7.75,8.085
783,2022,5.8,6.0,6.917
783,2023,6.8,8.9,7.925
784,2022,10.0,8.2,9.25
784,2023,9.5,7.3,8.783333333
784,2024,9.7727272725,8.75,9.4
785,2022,8.6,8.4,7.667
785,2023,8.5,8.8,8.67
785,2024,10.0,9.0,8.893333333
786,2022,9.5,6.1,7.167
787,2022,9.5,3.4,7.25
787,2023,9.8,5.9,8.34
787,2024,9.75,7.25,7.325
788,2022,9.3,8.0,8.667
788,2023,9.8,6.9,8.283333333
788,2024,9.519450801,5.75,7.783333333
789,2022,9.4,4.2,7.417
789,2023,9.5,7.9,10.01
789,2024,9.047619048,5.25,8.085
790,2022,8.9,7.8,7.417
790,2023,8.1,7.4,8.286666667
790,2024,6.811594203,6.75,6.883333333
791,2022,8.7,6.5,8.5
791,2023,8.1,5.3,7.723333333
792,2022,8.0,6.2,7.167
792,2023,7.7,7.2,9.085
792,2024,5.2865612650000005,3.25,7.075
793,2022,7.6,6.0,7.333
794,2022,8.9,4.1,7.333
794,2023,9.2,6.2,10.01
794,2024,6.9047619045,3.0,8.255
795,2022,9.7,7.3,7.333
795,2023,9.6,8.2,10.01
795,2024,9.761904762,9.5,8.085
796,2022,9.3,5.4,7.667
796,2023,9.8,5.5,8.336666667
796,2024,8.2212885155,5.25,7.326666667
797,2022,8.5,7.3,7.5
797,2023,8.6,7.5,7.233333333
797,2024,4.840909091,7.25,6.723333333
798,2022,8.3,6.3,7.667
798,2023,8.1,6.1,6.95
798,2024,3.5064935065,4.75,2.943333333
799,2022,9.6,7.8,7.917
799,2023,9.6,8.3,8.17
799,2024,9.090909091,5.25,7.5
800,2022,5.4,6.1,7.5
801,2022,6.6,6.8,7.5
801,2023,7.5,7.6,7.12
801,2024,5.75,8.0,5.745
802,2022,9.0,8.3,8.333
802,2023,9.3,9.4,7.506666667
802,2024,7.012987013,8.75,6.723333333
803,2022,7.2,6.3,7.417
804,2022,8.4,4.8,7.667
804,2023,8.6,6.9,7.173333333
805,2022,9.0,8.8,7.333
805,2023,9.1,6.8,7.175
805,2024,9.523809524,6.0,6.7075
806,2022,7.3,6.6,7.917
806,2023,8.3,7.8,7.095
806,2024,6.9047619045,6.75,6.875
807,2022,8.7,9.0,7.5
807,2023,9.1,8.0,8.08
807,2024,7.857142856999999,7.0,7.125
808,2022,9.1,9.3,8.0
808,2023,10.0,8.7,9.755
808,2024,10.0,8.75,7.88
809,2022,6.6,6.3,7.417
810,2022,9.1,9.6,7.25
810,2023,8.5,6.9,7.836666667
810,2024,9.4736842105,9.0,7.7525
811,2022,5.7,7.3,7.667
812,2022,8.1,7.4,7.333
812,2023,9.1,5.8,8.33
813,2022,6.5,6.0,7.417
813,2023,8.4,3.9,8.06
814,2022,9.0,7.5,8.417
814,2023,9.6,8.2,9.226666667
814,2024,9.090909091,7.5,7.053333333
815,2022,7.9,6.5,7.0
815,2023,8.6,6.5,7.063333333
816,2022,9.3,9.6,9.417
816,2023,9.8,8.9,9.283333333
816,2024,9.7727272725,9.25,8.786666667
817,2022,8.7,7.1,7.417
817,2023,8.8,5.4,7.89
818,2022,7.3,6.2,7.5
818,2023,8.4,6.2,7.613333333
819,2022,7.9,7.3,7.333
819,2023,8.3,9.5,8.893333333
819,2024,7.784679089,9.0,8.503333333
820,2022,10.0,6.0,7.583
820,2023,7.4,8.9,8.28
820,2024,6.573529412,6.25,6.386666667
821,2022,7.0,4.6,6.917
821,2024,5.9166666665,4.25,6.713333333
822,2022,8.4,6.1,7.083
822,2023,8.4,7.1,5.925
822,2024,4.6245059285,6.75,6.61
823,2022,6.0,2.8,7.167
824,2022,4.4,6.0,7.333
825,2022,8.2,7.6,7.917
826,2022,9.6,5.4,7.5
826,2023,10.0,7.3,8.34
826,2024,10.0,6.75,8.59
827,2022,7.0,7.6,8.667
827,2023,8.1,8.1,8.73
827,2024,9.7826086955,7.25,7.875
828,2022,7.1,6.9,7.833
829,2022,8.6,7.8,7.5
829,2023,9.4,8.4,9.23
829,2024,9.75,8.0,9.215
830,2022,8.6,6.0,7.5
830,2023,8.9,8.3,9.505
830,2024,7.619047619,6.75,7.335
831,2022,9.2,7.2,7.167
831,2023,9.4,8.3,8.59
831,2024,9.523809524,7.75,8.17
832,2022,9.2,8.8,8.833
832,2023,9.5,8.5,8.283333333
832,2024,8.695652174,8.0,7.5
833,2022,9.5,7.8,7.583
833,2023,9.5,7.4,8.56
833,2024,9.3271221535,8.0,7.946666667
834,2022,9.0,9.0,9.083
834,2023,9.9,9.2,9.283333333
834,2024,9.109730849,8.75,8.723333333
835,2022,7.3,7.5,6.667
835,2023,8.5,8.7,7.835
836,2022,8.3,9.2,7.583
836,2023,9.6,6.7,8.085
836,2024,6.439393939,2.75,6.25
837,2022,9.0,8.8,7.5
837,2023,9.3,7.0,7.836666667
837,2024,9.7826086955,6.75,7.5825
838,2022,7.4,6.3,9.417
839,2022,5.1,5.4,6.583
840,2022,8.2,7.8,7.5
840,2023,9.0,8.2,8.59
840,2024,9.337121212,8.0,7.946666667
841,2022,8.5,7.2,7.5
841,2023,7.2,6.9,9.84
841,2024,6.3272311215000006,3.25,5.83
842,2022,8.3,9.1,8.25
842,2023,8.5,7.9,8.01
842,2024,7.549407115,7.5,6.996666667
843,2022,9.0,9.2,8.417
844,2022,5.0,5.9,8.333
845,2022,8.8,8.7,8.417
846,2022,7.2,5.9,7.917
846,2023,8.2,6.0,8.67
847,2022,8.2,7.7,7.417
847,2023,9.1,7.6,5.84
847,2024,4.5454545455,1.0,6.245
848,2022,7.0,9.0,7.833
849,2022,8.3,9.1,7.417
850,2022,7.3,8.5,7.167
850,2023,7.9,7.3,6.265
850,2024,9.2727272725,7.75,7.92
851,2022,7.9,8.3,6.583
851,2023,7.5,6.6,6.01
851,2024,7.3221343875,6.0,5.106666667
852,2022,6.8,2.1,5.5
853,2022,9.6,8.5,8.5
853,2023,9.5,7.4,9.84
853,2024,9.5833333335,6.25,7.553333333
854,2022,9.0,9.3,7.167
854,2023,9.5,6.0,8.01
854,2024,10.0,7.0,6.333333333
855,2022,9.6,9.7,9.0
855,2023,10.0,6.8,8.67
855,2024,10.0,8.5,7.386666667
856,2022,9.1,8.4,8.0
856,2023,9.6,7.3,8.255
857,2022,8.9,9.5,9.083
857,2023,9.0,8.5,9.01
858,2022,7.1,7.7,7.333
858,2023,8.1,9.3,7.946666667
858,2024,6.833333333500001,8.25,7.5
859,2022,8.7,8.9,8.25
859,2023,9.2,7.3,10.01
859,2024,9.337121212,8.0,8.336666667
860,2022,8.5,8.1,7.75
860,2023,9.8,7.4,8.34
860,2024,9.7916666665,8.5,7.946666667
861,2023,10.0,9.6,8.92
861,2024,10.0,10.0,9.73
862,2023,9.1,8.9,8.585
862,2024,8.6136363635,7.5,6.27
863,2023,7.6,6.3,6.26
863,2024,3.159090909,5.5,4.333333333
864,2023,7.6,6.3,8.5
865,2023,8.7,7.4,7.915
866,2023,8.3,8.6,8.415
867,2023,8.6,8.9,8.415
867,2024,7.409090909,8.5,7.5
868,2023,9.5,7.1,8.67
868,2024,9.75,7.0,7.213333333
869,2023,10.0,9.6,8.75
870,2023,8.5,1.5,5.165
871,2023,9.5,6.9,6.84
871,2024,9.328063241,7.25,5.783333333
872,2023,6.7,4.3,8.5
873,2023,9.7,7.0,8.67
873,2024,10.0,6.75,7.77
874,2023,8.2,4.8,6.67
874,2024,4.696969697,7.75,7.915
875,2023,9.5,7.3,9.845
876,2023,9.4,7.5,8.835
876,2024,9.0476190475,3.75,8.09
877,2023,9.5,6.9,7.5
878,2023,9.5,8.1,7.34
878,2024,6.1363636360000005,6.75,6.996666667
879,2023,9.8,8.2,8.915
879,2024,9.090909091,8.5,8.67
880,2023,9.4,6.3,8.585
880,2024,8.445652174,6.5,7.22
881,2023,8.9,7.3,6.25
882,2023,8.6,4.7,4.16
883,2023,9.7,8.4,8.17
884,2023,9.7,8.8,8.66
884,2024,8.818181818,8.75,8.223333333
885,2023,9.8,8.7,8.665
885,2024,10.0,8.5,8.28
886,2023,9.4,8.1,9.0
886,2024,10.0,8.75,8.28
887,2023,8.9,8.4,9.09
888,2023,10.0,8.8,8.83
888,2024,10.0,8.5,8.28
889,2023,9.5,9.1,9.0
889,2024,9.2954545455,9.75,8.28
890,2023,9.1,8.3,8.16
891,2023,9.5,7.5,7.995
891,2024,9.0454545455,8.75,8.003333333
892,2023,9.6,8.3,10.01
892,2024,10.0,8.75,7.92
893,2023,10.0,9.3,10.01
893,2024,10.0,9.25,7.886666667
894,2023,9.9,9.4,10.01
894,2024,10.0,9.5,8.42
895,2023,9.5,6.8,9.5
895,2024,9.5454545455,9.5,8.113333333
896,2023,10.0,8.5,10.01
896,2024,9.7727272725,6.5,8.085
897,2023,8.1,6.5,3.32
897,2024,2.7525252525,6.0,6.66
898,2023,9.8,9.4,10.01
898,2024,10.0,7.5,8.616666667
899,2023,9.8,9.5,9.34
899,2024,9.1007905135,8.25,7.893333333
900,2023,9.8,7.8,8.67
900,2024,9.318181818,8.5,8.563333333
901,2023,8.7,7.5,8.595
902,2023,9.3,3.9,6.5
903,2023,9.6,7.8,9.01
903,2024,9.7727272725,5.0,7.946666667
904,2023,9.3,6.4,7.836666667
904,2024,8.75,6.0,8.67
905,2023,9.4,8.3,7.056666667
905,2024,7.7794117645,3.0,6.99
906,2023,9.2,8.6,6.95
907,2023,9.6,9.3,8.336666667
907,2024,8.9444444445,8.75,7.5
908,2023,9.0,7.9,8.223333333
908,2024,8.14171123,4.75,6.83
909,2023,9.9,9.2,8.056666667
909,2024,8.1666666665,8.25,7.5
910,2023,8.8,8.9,8.17
910,2024,8.674242424500001,7.5,7.443333333
911,2023,6.7,3.4,7.01
911,2024,4.772727273,4.5,4.726666667
912,2023,9.4,6.3,7.175
912,2024,9.4736842105,7.25,6.943333333
913,2023,8.5,7.9,9.245
914,2023,9.2,8.7,8.67
915,2023,8.4,8.4,8.67
916,2023,9.7,6.6,9.005
916,2024,7.3320158105,2.75,6.16
917,2023,7.2,7.0,6.35
918,2023,8.7,7.7,7.01
918,2024,8.697368421,2.75,6.156666667
919,2023,8.4,5.3,8.09
919,2024,4.692513369,5.25,6.49
920,2023,6.3,6.1,6.35
920,2024,7.6710526315,8.25,8.226666667
921,2023,9.7,6.3,6.68
921,2024,8.6631016045,6.0,7.5
922,2023,9.7,8.4,10.01
922,2024,9.5227272725,7.75,8.17
923,2023,9.9,7.3,10.01
923,2024,7.9545454545,5.5,8.17
924,2023,5.6,5.0,5.93
924,2024,4.598930481,7.0,7.415
925,2023,8.9,5.4,5.595
925,2024,7.005347594,4.75,7.33
926,2023,10.0,6.8,9.51
926,2024,9.7727272725,7.0,7.22
927,2023,9.7,6.4,9.255
927,2024,9.318181818,6.5,7.22
928,2023,10.0,9.8,9.67
928,2024,10.0,8.75,8.59
929,2023,9.8,8.8,9.67
929,2024,9.4736842105,6.75,7.58
930,2023,8.8,9.0,9.0
930,2024,9.7368421055,8.0,7.5
931,2023,8.2,7.8,7.6
931,2024,8.5833333335,8.5,6.83
932,2023,7.9,7.5,9.0
933,2023,8.4,7.7,9.67
934,2023,9.6,8.7,9.67
934,2024,9.75,8.5,7.75
935,2023,9.8,9.4,9.67
935,2024,10.0,8.5,7.83
936,2023,10.0,6.5,8.915
937,2023,9.6,9.2,9.67
937,2024,10.0,7.5,7.83
938,2023,8.4,4.2,7.5
938,2024,9.5445134575,7.75,7.665
939,2023,10.0,5.4,10.01
939,2024,8.8833992095,5.0,7.495
940,2023,8.4,6.3,7.02
941,2023,10.0,5.0,8.175
941,2024,9.25,8.75,7.665
942,2023,8.9,7.1,7.0
943,2023,9.4,8.0,9.925
943,2024,10.0,8.0,8.59
944,2023,7.6,7.5,6.67
944,2024,7.25,9.0,7.75
945,2023,9.2,7.9,6.84
945,2024,9.511904762,8.75,6.83
946,2023,9.4,9.3,7.0
946,2024,8.7976190475,4.5,7.835
947,2023,7.9,3.3,5.08
947,2024,7.619047619,4.5,4.58
948,2023,7.6,0.0,8.34
949,2023,8.1,8.9,6.5
949,2024,8.7857142855,6.5,6.495
950,2023,10.0,9.3,8.17
950,2024,9.023809524,7.0,8.0
951,2023,9.7,8.4,9.09
951,2024,9.0357142855,4.0,7.325
952,2023,9.2,9.0,8.425
952,2024,9.545454545,8.5,9.175
953,2023,8.8,8.3,7.09
953,2024,6.85770751,8.5,7.755
954,2023,8.3,7.7,8.005
954,2024,8.8833992095,7.75,7.835
955,2023,8.8,7.8,7.09
955,2024,6.904761905,5.75,8.255
956,2023,7.5,7.8,9.345
956,2024,6.017786561,3.25,7.085
957,2023,9.3,9.1,9.925
958,2023,9.8,9.3,9.84
958,2024,10.0,10.0,9.76
959,2023,9.6,7.7,8.84
959,2024,9.7368421055,9.5,7.5
960,2023,10.0,6.3,5.85
960,2024,8.095238095,3.0,5.33
961,2023,8.7,6.2,8.665
961,2024,8.8923395445,5.5,5.155
962,2023,9.2,8.7,10.01
963,2023,9.8,8.5,10.01
963,2024,9.761904762,7.5,8.045
964,2023,9.4,7.2,8.5
964,2024,8.333333332999999,7.25,7.1675
965,2023,8.2,4.7,7.18
965,2024,6.4772727275,2.25,6.83
966,2023,10.0,5.0,7.675
966,2024,8.568181818,9.0,7.335
967,2023,8.0,6.5,7.35
967,2024,3.5714285715,4.75,4.995
968,2023,9.7,8.3,10.01
968,2024,8.8095238095,7.75,7.6675
969,2023,9.7,5.5,7.51
969,2024,7.863636363499999,7.25,7.335
970,2023,8.1,9.4,9.84
971,2023,6.4,6.9,8.17
971,2024,7.909090909,6.75,6.085
972,2023,9.1,6.0,7.84
972,2024,8.3863636365,6.75,7.17
973,2023,8.6,5.2,7.415
973,2024,9.318181818,3.75,6.585
974,2023,9.1,8.8,9.34
974,2024,9.2826086955,6.5,7.5
975,2023,9.2,6.5,7.67
975,2024,7.708333333500001,8.0,7.33
976,2023,9.2,8.6,8.34
977,2023,7.4,5.8,8.085
977,2024,7.291666666499999,7.0,7.58
978,2023,9.8,8.6,9.34
978,2024,9.5,6.5,7.5
979,2023,9.6,6.0,9.51
979,2024,9.5227272725,8.25,7.335
980,2023,9.8,6.3,9.34
980,2024,9.058441558,6.25,7.4175
981,2023,9.1,5.8,9.01
981,2024,7.010869565,6.0,6.99
982,2023,9.1,8.6,8.835
982,2024,8.365800865499999,8.25,6.79
983,2023,9.9,8.8,9.415
984,2023,9.8,8.3,9.84
984,2024,9.761904762,7.0,8.045
985,2023,9.3,6.8,8.5
985,2024,10.0,7.5,7.585
986,2023,9.1,8.3,8.83
986,2024,9.2965367965,8.5,6.8325
987,2023,9.8,7.3,9.76
987,2024,9.0692640695,7.5,7.835
988,2023,8.1,8.5,9.84
988,2024,10.0,7.75,7.96
989,2023,8.1,8.3,10.01
989,2024,7.857142856999999,6.0,6.54
990,2023,8.5,7.8,10.01
990,2024,7.5,8.0,8.336666667
991,2023,9.1,7.7,9.585
991,2024,8.181818182,6.5,6.723333333
992,2023,8.2,8.0,8.84
993,2023,9.8,8.6,10.01
994,2023,9.4,6.0,7.265
994,2024,9.5326086955,8.25,7.33
995,2023,7.9,5.1,7.18
995,2024,5.3896103895,2.0,4.25
996,2023,9.2,8.6,10.01
997,2023,8.7,7.1,8.595
998,2023,9.3,7.9,9.84
999,2023,9.4,8.3,9.84
1000,2023,9.4,7.0,8.92
1000,2024,9.5454545455,7.75,7.835
1001,2023,9.1,7.8,9.17
1001,2024,9.347826087,7.75,7.92
1002,2023,9.7,7.0,8.92
1002,2024,7.833333333500001,9.25,8.25
1003,2023,8.5,4.0,8.75
1003,2024,8.6944444445,8.25,7.5
1004,2023,9.6,7.9,7.42
1004,2024,9.25,7.5,7.5
1005,2023,7.9,8.8,8.165
1006,2023,9.3,8.7,8.0
1006,2024,8.4444444445,5.0,7.5
1007,2023,7.4,8.3,7.68
1008,2023,8.6,8.4,7.5
1008,2024,6.483957219,7.0,7.5
1009,2023,9.0,8.8,7.84
1009,2024,6.8863636365000005,7.5,6.553333333
1010,2023,10.0,9.4,8.59
1011,2023,8.6,5.2,7.675
1012,2023,9.9,6.6,7.845
1012,2024,9.523809524,9.75,8.443333333
1013,2023,9.6,8.3,5.76
1013,2024,5.693779904,7.75,4.72
1014,2023,9.7,8.2,8.255
1014,2024,7.8863636365,5.25,7.0
1015,2023,9.3,6.3,7.786666667
1015,2024,7.8214285715,4.0,5.66
1016,2023,9.5,6.7,7.73
1017,2023,8.0,7.7,8.116666667
1017,2024,7.8095238095,5.0,7.443333333
1018,2023,8.5,6.3,8.06
1018,2024,7.727272727,8.25,8.45
1019,2023,9.1,4.3,7.836666667
1019,2024,9.3073593075,8.75,8.616666667
1020,2023,9.1,6.1,8.056666667
1020,2024,9.7727272725,9.0,8.84
1021,2023,9.2,3.3,7.893333333
1021,2024,9.318181818,8.0,7.95
1022,2023,8.5,4.7,7.893333333
1022,2024,9.318181818,6.5,8.116666667
1023,2023,10.0,9.1,9.06
1023,2024,9.511904762,9.5,9.563333333
1024,2023,10.0,9.8,8.95
1024,2024,10.0,10.0,8.783333333
1025,2023,8.9,7.5,7.836666667
1025,2024,7.727272727,9.0,7.783333333
1026,2023,9.8,3.2,7.06
1027,2023,9.7,6.0,8.333333333
1027,2024,10.0,5.25,8.39
1028,2023,9.2,5.0,7.946666667
1028,2024,7.055335968,7.5,8.393333333
1029,2023,6.3,5.4,8.006666667
1029,2024,8.7954545455,8.75,7.25
1030,2023,9.7,6.9,8.39
1030,2024,8.28320802,8.0,7.61
1031,2023,8.8,5.9,7.006666667
1031,2024,8.6363636365,6.25,5.83
1032,2023,9.5,6.0,7.563333333
1032,2024,9.75,8.0,7.92
1033,2023,8.9,7.9,9.006666667
1034,2023,9.0,8.3,8.393333333
1034,2024,8.0833333335,7.5,8.223333333
1035,2023,8.3,5.8,7.78
1035,2024,9.0227272725,7.0,7.92
1036,2023,9.6,8.0,8.336666667
1036,2024,9.0890269155,7.0,7.7475
1037,2023,8.4,6.7,8.17
1038,2023,9.3,6.5,8.17
1038,2024,7.5438596495,8.5,7.273333333
1039,2023,9.9,6.2,8.056666667
1039,2024,9.722222222,7.25,6.77
1040,2023,9.3,6.6,8.06
1040,2024,8.5416666665,8.25,7.273333333
1041,2023,7.2,3.3,8.003333333
1042,2023,6.5,4.3,7.666666667
1043,2023,7.9,2.5,7.833333333
1043,2024,7.994071146,8.25,6.553333333
1044,2023,9.7,6.1,8.336666667
1044,2024,9.523809524,7.0,7.21
1045,2023,9.4,7.9,8.28
1046,2023,8.5,6.3,8.223333333
1047,2023,8.5,6.9,7.893333333
1048,2023,9.5,8.2,8.5
1048,2024,6.833333333500001,6.25,8.283333333
1049,2023,7.7,6.3,7.943333333
1049,2024,8.03030303,4.5,6.745
1050,2023,9.2,7.2,8.223333333
1051,2023,8.9,8.4,8.613333333
1052,2023,9.0,5.3,7.833333333
1052,2024,9.128787879,8.25,8.4975
1053,2023,9.1,8.6,8.616666667
1054,2023,8.6,6.6,7.836666667
1054,2024,7.3291925465,6.25,6.75
1055,2023,7.2,5.5,7.276666667
1055,2024,5.7954545455,5.5,5.87
1056,2023,9.6,8.1,8.113333333
1056,2024,9.2857142855,8.25,8.335
1057,2023,10.0,6.3,8.34
1057,2024,10.0,8.0,8.17
1058,2023,8.7,5.4,7.62
1058,2024,8.095238095,7.75,8.085
1059,2023,9.8,7.6,8.673333333
1059,2024,10.0,7.5,9.23
1060,2023,8.6,5.7,8.673333333
1060,2024,6.0,3.25,6.163333333
1061,2023,9.7,9.3,8.836666667
1061,2024,10.0,8.5,8.73
1062,2023,7.7,6.2,8.503333333
1062,2024,9.047619048,7.25,8.085
1063,2023,9.5,5.9,7.89
1063,2024,9.75,7.75,6.11
1064,2023,9.8,8.6,8.84
1064,2024,9.7368421055,8.5,8.783333333
1065,2023,9.6,7.0,8.84
1065,2024,8.8152173915,9.25,8.84
1066,2023,6.6,6.2,8.783333333
1066,2024,8.3954451345,7.25,7.386666667
1067,2023,7.9,5.4,9.006666667
1067,2024,8.333333332999999,6.75,8.59
1068,2023,9.3,9.0,9.283333333
1068,2024,9.068181818,9.5,8.73
1069,2023,7.8,7.1,8.226666667
1069,2024,7.0760869565,6.25,7.75
1070,2023,7.8,5.8,8.67
1070,2024,9.3073593075,2.25,6.6225
1071,2023,8.6,3.5,6.396666667
1071,2024,4.188311688500001,4.5,2.996666667
1072,2023,8.6,6.7,8.7125
1072,2024,5.627886710333333,8.166666666666666,7.545
1073,2023,8.8,6.2,9.045
1073,2024,6.370972886666667,6.5,5.7875
1074,2023,9.8,6.0,7.8775
1075,2023,9.6,5.5,9.0025
1075,2024,8.5154061625,6.0,7.553333333
1076,2023,9.7,8.5,8.8775
1076,2024,7.777033492666668,6.333333333333333,6.5425
1077,2023,9.7,7.3,8.4225
1077,2024,7.703703703666666,2.0,6.37
1078,2023,6.8,6.4,8.2975
1079,2023,8.1,7.6,7.13
1079,2024,4.516498316333333,6.333333333333333,4.1625
1080,2023,10.0,1.5,8.13
1081,2023,10.0,6.5,8.59
1081,2024,9.523809523666666,8.833333333333334,8.95
1082,2023,9.5,5.0,8.4225
1082,2024,7.5714285715,3.75,6.943333333
1083,2023,10.0,7.5,8.38
1084,2023,10.0,6.8,8.38
1084,2024,7.705263158,3.6666666666666665,7.4575
1085,2023,9.8,6.7,8.13
1086,2023,9.4,5.7,8.755
1087,2023,9.5,5.4,8.0475
1087,2024,8.393265993333333,2.6666666666666665,6.58
1088,2023,9.8,6.8,7.9225
1089,2023,9.5,7.0,8.3375
1089,2024,7.039682539666667,6.833333333333333,6.995
1090,2023,9.6,9.0,7.88
1090,2024,7.621832358666666,6.333333333333333,7.4175
1091,2023,9.0,9.5,9.1725
1092,2023,9.8,6.9,8.2975
1093,2023,9.3,9.2,8.2975
1093,2024,7.722222222333333,8.666666666666666,8.8825
1094,2023,9.5,8.5,8.3375
1094,2024,9.523809523666666,7.333333333333333,8.1675
1095,2023,9.8,5.3,8.005
1095,2024,7.84502924,2.333333333333333,5.125
1096,2023,9.9,9.6,8.0875
1096,2024,9.866666666666667,8.5,9.09
1097,2023,8.6,5.4,6.96
1097,2024,4.849791144666667,3.0,5.88
1098,2023,9.5,6.4,7.92
1098,2024,5.822406257,3.5,6.7475
1099,2023,9.6,5.2,8.34
1099,2024,8.133333333333333,3.8333333333333335,6.6225
1100,2023,9.2,7.1,8.283333333
1100,2024,7.1000000000000005,4.666666666666667,5.6175
1101,2023,7.2,5.3,8.116666667
1102,2023,9.5,7.5,7.56
1102,2024,9.390476190333333,9.333333333333334,7.07
1103,2023,8.7,5.0,8.006666667
1103,2024,7.763975155000001,7.25,7.54
1104,2023,10.0,6.4,9.063333333
1105,2023,9.0,6.0,8.673333333
1106,2023,9.3,5.1,8.003333333
1106,2024,5.4312354313333335,0.0,7.5
1107,2023,9.4,7.5,8.783333333
1107,2024,6.2,2.5,6.785
1108,2023,9.3,4.7,8.283333333
1108,2024,3.7546583853333337,3.6666666666666665,5.422
1109,2023,6.4,3.4,7.836666667
1110,2023,9.2,6.8,8.73
1111,2023,8.9,5.4,8.173333333
1111,2024,4.600414078666667,5.0,5.824
1112,2023,7.9,6.3,8.616666667
1112,2024,9.02791197,4.0,4.705
1113,2023,6.0,5.0,7.173333333
1114,2023,9.8,4.9,8.56
1114,2024,9.533333333333331,5.0,7.836
1115,2023,8.3,4.0,7.56
1115,2024,4.2676767675,6.25,5.826666667
1116,2023,9.2,4.9,7.39
1116,2024,3.3555555556666667,2.333333333333333,5.066
1117,2023,9.6,7.3,7.946666667
1117,2024,8.314814814666667,5.666666666666667,6.833333333
1118,2023,8.8,6.0,8.28
1118,2024,7.846439628666666,3.8333333333333335,6.866
1119,2023,9.7,5.9,8.453333333
1119,2024,8.716666666666667,5.666666666666667,7.698
1120,2023,9.6,8.3,9.676666667
1121,2023,9.9,8.0,9.84
1121,2024,10.0,6.666666666666667,8.28
1122,2023,9.3,6.9,8.616666667
1122,2024,9.861111111,5.333333333333333,7.22
1123,2023,8.9,5.3,7.113333333
1124,2023,8.0,3.0,7.786666667
1125,2023,7.9,4.0,6.95
1126,2023,5.2,,7.06
1127,2023,9.9,6.9,9.01
1127,2024,10.0,5.833333333333333,7.67
1128,2023,7.3,3.5,7.503333333
1129,2023,9.2,7.8,7.503333333
1129,2024,7.137254902,6.833333333333333,5.745
1130,2023,8.4,7.3,7.503333333
1130,2024,6.278431372666667,4.333333333333333,5.33
1131,2023,9.9,9.1,9.286666667
1131,2024,9.277777777666666,8.333333333333334,7.893333333
1132,2023,6.3,5.8,7.503333333
1133,2023,10.0,6.5,9.343333333
1133,2024,9.841269841333334,4.5,8.83
1134,2023,9.7,6.8,7.56
1134,2024,8.914285714,6.0,6.883333333
1135,2023,9.4,7.2,7.896666667
1136,2023,8.1,6.6,7.723333333
1136,2024,4.547899159666667,1.6666666666666667,6.383333333
1137,2023,9.8,6.5,9.843333333
1137,2024,7.588638262333333,3.5,7.4575
1138,2023,9.2,9.3,8.566666667
1139,2023,9.1,5.3,7.79
1139,2024,6.152715121333333,4.666666666666667,7.04
1140,2023,8.7,7.3,7.62
1140,2024,6.112440191499999,7.0,7.39
1141,2023,8.8,5.9,7.113333333
1141,2024,6.191537667666666,4.166666666666667,6.7825
1142,2023,10.0,10.0,8.343333333
1142,2024,9.133333333333333,8.5,7.335
1143,2023,7.0,5.3,6.2075
1143,2024,5.201336675,3.1666666666666665,6.79
1144,2023,9.4,8.0,8.0025
1145,2023,9.5,7.8,8.63
1146,2023,8.8,3.7,6.965
1146,2024,5.017209691,2.0,5.883333333
1147,2023,8.3,6.7,7.0075
1147,2024,6.125925926,3.1666666666666665,5.495
1148,2023,8.6,5.7,7.2125
1149,2023,9.8,7.2,8.1725
1149,2024,10.0,6.0,8.706
1150,2023,9.8,6.7,7.835
1150,2024,6.481481481666667,6.833333333333333,7.946666667
1151,2023,9.5,8.3,7.545
1151,2024,9.722222222333334,9.0,9.393333333
1152,2023,9.4,6.8,7.585
1153,2023,10.0,7.2,8.63
1153,2024,9.702380952333334,8.5,9.074
1154,2023,9.3,5.1,7.67
1154,2024,9.2,8.0,6.745
1155,2023,9.2,8.0,8.2925
1155,2024,8.888888889,4.666666666666667,8.87
1156,2023,9.2,5.3,7.7925
1156,2024,7.821067821,2.0,7.5
1157,2023,8.8,5.7,7.0025
1157,2024,9.082539682666663,7.0,8.466
1158,2023,8.6,4.3,7.34
1159,2023,6.6,3.1,7.1325
1160,2023,8.7,2.7,7.2575
1160,2024,8.201288245,3.1666666666666665,6.2475
1161,2023,8.1,6.3,8.63
1162,2023,8.5,6.0,7.7525
1162,2024,9.135672514666666,5.666666666666667,7.0375
1163,2023,9.3,7.2,7.75
1163,2024,9.824561403666666,7.833333333333333,8.755
1164,2023,7.5,4.8,7.545
1165,2023,9.1,7.3,7.2925
1165,2024,6.829721362333333,8.0,7.83
1166,2023,9.6,4.8,7.9175
1166,2024,8.498245614,6.333333333333333,8.625
1167,2023,7.6,3.8,7.9625
1168,2023,8.8,3.5,7.045
1168,2024,7.682352941333334,5.666666666666667,6.33
1169,2023,9.5,6.3,8.0025
1169,2024,8.444444444333334,6.833333333333333,6.8
1170,2023,7.7,5.9,6.5775
1170,2024,5.565079365,3.5,6.7475
1171,2023,8.4,8.7,8.88
1171,2024,7.230158729999999,7.5,8.643333333
1172,2023,7.8,6.7,8.46
1172,2024,6.0634920633333325,3.333333333333333,6.196
1173,2023,9.7,6.0,8.1225
1173,2024,9.665831245,5.833333333333333,8.2
1174,2023,8.7,6.8,8.3375
1174,2024,8.349567099333333,5.0,7.266
1175,2023,5.3,6.3,7.6275
1176,2023,9.3,8.2,9.17
1176,2024,9.682539682666668,9.166666666666666,8.9225
1177,2023,9.9,7.2,8.88
1177,2024,9.824561403666666,7.333333333333333,8.125
1178,2023,9.3,5.7,8.2125
1178,2024,9.682539682666668,8.333333333333334,8.696
1179,2023,8.1,5.0,7.17
1180,2023,9.5,5.4,7.7125
1181,2023,8.3,4.8,7.3375
1181,2024,5.036075036,3.8333333333333335,5.862
1182,2023,6.3,4.2,7.2125
1183,2023,8.7,5.3,6.7575
1184,2023,8.3,7.3,8.045
1184,2024,8.658008657666668,7.666666666666667,7.5
1185,2023,9.1,7.5,8.3775
1186,2023,9.8,5.5,7.3825
1187,2023,6.9,5.3,6.715
1188,2023,9.4,6.4,7.5875
1188,2024,10.0,7.0,7.106666667
1189,2023,9.0,6.1,7.3775
1189,2024,8.672360248333332,7.666666666666667,7.106666667
1190,2023,9.2,4.2,7.045
1191,2023,7.2,3.7,6.26
1192,2023,8.7,5.8,7.6675
1193,2023,7.8,4.1,7.13
1193,2024,7.763157895,4.0,7.79
1194,2023,9.0,6.1,7.6675
1195,2023,8.3,5.4,8.0025
1195,2024,9.855072463666666,6.166666666666667,7.663333333
1196,2023,8.2,7.5,8.045
1197,2023,8.4,7.3,7.215
1198,2023,9.4,6.7,7.9625
1198,2024,9.458874459,3.5,7.332
1199,2023,9.1,6.2,8.0875
1199,2024,8.571428571333334,9.0,8.466
1200,2023,6.4,4.0,6.8725
1200,2024,7.099419478000001,1.5,6.27
1201,2023,9.6,7.8,8.7575
1201,2024,9.523809523666666,9.0,8.56
1202,2023,7.6,3.3,6.67
1203,2023,10.0,7.2,7.8775
1203,2024,9.649122807,9.0,8.572
1204,2023,8.7,6.1,7.2125
1205,2023,9.2,5.0,7.085
1206,2023,8.3,5.6,7.7125
1207,2023,9.0,5.5,7.63
1207,2024,6.581140350999999,5.333333333333333,6.5375
1208,2023,8.8,6.2,6.2525
1209,2023,9.4,7.4,7.7125
1210,2023,9.4,4.7,8.09
1210,2024,10.0,5.5,8.166
1211,2023,9.1,6.2,7.7125
1212,2023,8.9,4.2,7.715
1213,2023,8.4,6.0,7.715
1214,2023,9.8,7.4,7.6725
1214,2024,9.081527348,8.0,7.663333333
1215,2023,5.6,4.1,7.1725
1216,2023,9.0,7.9,7.795
1216,2024,,,
1217,2023,7.9,5.9,7.38
1218,2023,9.2,5.3,7.1325
1219,2023,6.5,6.3,7.38
1220,2023,9.0,6.8,7.63
1220,2024,8.555555555666666,7.666666666666667,6.26
1221,2023,9.1,8.7,8.09
1221,2024,,8.0,
1222,2023,10.0,6.8,6.005
1223,2023,9.3,9.0,7.2925
1224,2023,9.4,8.0,7.6325
1224,2024,,,
1225,2023,,,
1225,2024,,,
1226,2023,,,
1226,2024,9.0,6.066666666666666,7.5
1227,2023,,,
1227,2024,0.0,0.0,7.5
1228,2023,,,
1228,2024,0.0,0.0,7.5
1229,2023,,,
1229,2024,0.0,0.0,7.5
1230,2023,,,
1230,2024,0.0,0.0,7.5
1231,2023,,,
1231,2024,0.0,,
1232,2023,,,
1232,2024,0.0,,
1233,2023,,,
1233,2024,0.0,,
1234,2023,,,
1234,2024,,,
1235,2023,,,
1235,2024,0.0,,
1236,2023,,,
1236,2024,,,
1237,2023,,,
1237,2024,0.0,,
1238,2023,,,
1238,2024,0.0,,
1239,2023,,,
1239,2024,,,
1240,2023,,,
1240,2024,,,
1241,2023,,,
1241,2024,,,
1242,2023,,,
1242,2024,,,
1243,2023,,,
1244,2023,,,
1244,2024,,,
1245,2023,,,
1245,2024,,,
1246,2023,,,
1246,2024,,,
1247,2023,,,
1248,2023,,,
1248,2024,,,
1249,2023,,,
1249,2024,,,
1250,2023,,,
1250,2024,,,
1251,2023,,,
1251,2024,,,
1252,2023,,,
1252,2024,0.0,,
1253,2023,,,
1253,2024,,,
1254,2023,,,
1254,2024,0.0,,
1255,2023,,,
1255,2024,,,
1256,2023,,,
1256,2024,,,
1257,2023,,,
1257,2024,,,
1258,2023,,,
1258,2024,0.0,,
1259,2023,,,
1259,2024,,,
1260,2023,,,
1260,2024,0.0,,
1261,2023,,,
1261,2024,,,
1262,2023,,,
1262,2024,,,
1263,2023,,,
1263,2024,,,
1264,2023,,,
1264,2024,,,
1265,2023,,,
1265,2024,,,
1266,2023,,,
1266,2024,0.0,,
1267,2023,,,
1267,2024,0.0,,
1268,2023,,,
1268,2024,0.0,,
1269,2023,,,
1269,2024,,,
1270,2023,,,
1270,2024,,,
1271,2023,,,
1271,2024,,,
1272,2023,,,
1272,2024,,,
1273,2023,,,
1273,2024,,,
1274,2023,,,
1274,2024,,,
1275,2024,8.6666666665,8.0,5.446666667
1276,2024,9.3333333335,8.0,7.05
1277,2024,9.0833333335,8.0,7.046666667
1278,2024,4.1666666665,7.5,4.173333333
1279,2024,10.0,8.25,7.78
1280,2024,9.5454545455,8.5,8.336666667
1281,2024,9.5454545455,9.25,7.78
1282,2024,8.1136363635,9.25,7.89
1283,2024,9.230769231,9.0,8.28
1284,2024,9.347826087,10.0,7.89
1285,2024,8.830227742999998,8.0,8.946666667
1286,2024,5.051759834,7.0,4.61
1287,2024,9.3064182195,7.75,8.223333333
1288,2024,7.9813664595,10.0,7.273333333
1289,2024,9.4444444445,7.75,6.166666667
1290,2024,10.0,8.75,8.28
1291,2024,9.5,8.25,7.89
1292,2024,4.7727272725,8.25,7.893333333
1293,2024,9.4949494945,8.5,8.336666667
1294,2024,10.0,7.75,7.553333333
1295,2024,9.5227272725,7.5,8.28
1296,2024,8.4444444445,6.5,8.336666667
1297,2024,9.761904762,9.25,6.833333333
1298,2024,6.643356643500001,6.75,7.393333333
1299,2024,7.638888889,6.5,7.11
1300,2024,8.75,9.0,8.613333333
1301,2024,2.9166666665000003,7.0,6.0
1302,2024,5.416666667,4.0,4.996666667
1303,2024,10.0,10.0,9.17
1304,2024,7.9575163395,6.0,6.493333333
1305,2024,8.710526316,4.75,8.053333333
1306,2024,10.0,9.75,7.946666667
1307,2024,5.833333333500001,5.5,5.383333333
1308,2024,7.445652174,6.0,5.933333333
1309,2024,9.1666666665,7.5,8.223333333
1310,2024,9.375,10.0,8.166666667
1311,2024,9.166666667,0.0,8.386666667
1312,2024,8.333333333,6.5,8.336666667
1313,2024,8.125,6.25,8.446666667
1314,2024,8.541666667,9.0,7.443333333
1315,2024,8.3333333335,9.0,8.5
1316,2024,8.20855615,7.75,7.5
1317,2024,7.0721925135,10.0,7.5
1318,2024,7.6871657755,5.0,7.33
1319,2024,5.7516339865,8.5,7.5
1320,2024,9.1666666665,8.25,7.5
1321,2024,8.875,8.75,5.915
1322,2024,9.0,7.5,8.165
1323,2024,9.0833333335,7.0,6.66
1324,2024,10.0,8.5,8.0
1325,2024,9.5227272725,10.0,7.915
1326,2024,9.2916666665,4.5,7.245
1327,2024,9.3333333335,7.5,7.325
1328,2024,8.2083333335,10.0,7.83
1329,2024,10.0,6.5,6.66
1330,2024,9.3333333335,9.5,7.915
1331,2024,7.291666666499999,7.25,7.245
1332,2024,9.411764706,8.25,7.665
1333,2024,10.0,9.25,7.75
1334,2024,10.0,9.0,7.75
1335,2024,9.75,8.75,7.665
1336,2024,6.2008281575,9.5,7.75
1337,2024,4.722222222,6.0,5.66
1338,2024,8.6607142855,3.0,5.33
1339,2024,10.0,8.75,5.33
1340,2024,8.392857143,10.0,7.0
1341,2024,9.246031746,10.0,6.0
1342,2024,9.761904762,9.0,5.575
1343,2024,10.0,9.75,8.5
1344,2024,10.0,10.0,9.425
1345,2024,9.4590643275,6.25,6.83
1346,2024,8.0595238095,5.5,6.66
1347,2024,8.7857142855,5.0,6.165
1348,2024,8.5913312695,9.0,7.83
1349,2024,8.388888889,8.5,7.915
1350,2024,10.0,8.5,7.83
1351,2024,9.230769231,8.75,7.665
1352,2024,9.5,8.5,7.665
1353,2024,9.5,3.0,6.08
1354,2024,8.3636363635,6.0,7.335
1355,2024,6.5227272725,7.0,7.17
1356,2024,9.4444444445,5.5,7.085
1357,2024,7.5,6.75,7.335
1358,2024,7.380952381,4.0,6.17
1359,2024,9.0,6.0,6.17
1360,2024,7.0018115945,5.0,6.42
1361,2024,9.375,10.0,8.0
1362,2024,6.875,8.5,6.915
1363,2024,10.0,6.5,6.99
1364,2024,8.4166666665,8.75,6.99
1365,2024,9.7916666665,6.5,6.99
1366,2024,6.6032608695,6.5,6.99
1367,2024,8.3804347825,8.75,7.5
1368,2024,10.0,9.5,7.5
1369,2024,8.6304347825,8.0,7.5
1370,2024,8.722222222,9.0,7.5
1371,2024,6.9782608695,4.5,7.5
1372,2024,10.0,4.75,7.5
1373,2024,8.8804347825,6.75,7.5
1374,2024,9.347826087,5.25,7.5
1375,2024,10.0,8.25,7.5
1376,2024,9.6153846155,9.75,7.5
1377,2024,10.0,5.5,6.99
1378,2024,9.2857142855,6.75,7.5
1379,2024,8.6842105265,7.25,5.16
1380,2024,8.784461152999999,8.0,7.5
1381,2024,10.0,9.5,7.5
1382,2024,9.761904762,7.5,7.5
1383,2024,9.2606516295,8.5,7.5
1384,2024,7.5689223055,5.0,5.16
1385,2024,10.0,8.0,7.5
1386,2024,9.761904762,7.25,7.5
1387,2024,8.759398496,8.0,7.5
1388,2024,8.214285713999999,5.0,7.67
1389,2024,9.7916666665,10.0,8.42
1390,2024,9.7916666665,8.25,8.42
1391,2024,9.2916666665,10.0,8.17
1392,2024,5.625,0.0,7.0
1393,2024,7.5,5.0,8.42
1394,2024,8.6944444445,5.75,8.003333333
1395,2024,10.0,7.75,7.836666667
1396,2024,10.0,6.5,7.67
1397,2024,10.0,7.0,7.946666667
1398,2024,9.555335968,8.0,8.616666667
1399,2024,9.7727272725,6.0,8.166666667
1400,2024,6.6501976285,7.25,7.5
1401,2024,8.888888889,10.0,8.085
1402,2024,9.5454545455,7.25,8.17
1403,2024,9.3073593075,8.75,8.255
1404,2024,9.090909091,7.5,8.17
1405,2024,8.6363636365,8.75,8.17
1406,2024,8.8636363635,7.5,8.255
1407,2024,9.318181818,5.75,7.5
1408,2024,8.409090909,6.75,7.5
1409,2024,9.0909090905,7.25,7.5
1410,2024,8.1136363635,6.25,8.165
1411,2024,9.5,2.75,7.835
1412,2024,9.3073593075,9.75,8.835
1413,2024,8.593073593,7.25,7.92
1414,2024,9.2965367965,8.5,8.835
1415,2024,9.7727272725,6.75,7.056666667
1416,2024,8.2765151515,7.75,6.386666667
1417,2024,9.337121212,9.0,6.5
1418,2024,9.128787879,8.25,6.833333333
1419,2024,10.0,7.5,8.783333333
1420,2024,5.520833333500001,4.5,5.44
1421,2024,6.777777778,7.5,7.163333333
1422,2024,7.5,4.75,7.7475
1423,2024,5.3125,5.75,6.5425
1424,2024,8.9444444445,7.25,6.915
1425,2024,6.7976190475,7.0,5.92
1426,2024,5.845238095,2.75,5.8325
1427,2024,10.0,8.0,8.6675
1428,2024,8.8562091505,8.0,8.085
1429,2024,8.888888889,7.75,8.085
1430,2024,10.0,6.25,8.085
1431,2024,7.7432712215,8.0,9.09
1432,2024,10.0,9.5,8.505
1433,2024,9.068322981,8.75,8.505
1434,2024,7.9813664595,9.0,9.76
1435,2024,7.833333333500001,7.5,6.165
1436,2024,8.674948240500001,8.0,7.17
1437,2024,9.347826087,8.0,7.92
1438,2024,9.0,7.0,9.175
1439,2024,10.0,8.5,9.345
1440,2024,9.5445134575,4.5,8.17
1441,2024,9.109730849,8.5,9.005
1442,2024,8.674948240500001,7.25,5.745
1443,2024,7.5,6.75,7.415
1444,2024,5.277777778,6.0,7.415
1445,2024,9.5,7.25,7.5
1446,2024,6.6501976285,0.0,7.075
1447,2024,9.7368421055,5.25,7.75
1448,2024,9.5346320345,6.0,7.29
1449,2024,8.3333333335,6.75,7.04
1450,2024,8.571428571,3.5,7.5425
1451,2024,8.8095238095,6.0,7.7525
1452,2024,10.0,7.75,8.17
1453,2024,7.8214285715,6.5,7.67
1454,2024,5.880952381,7.75,8.28
1455,2024,7.777777778,3.5,7.833333333
1456,2024,9.511904762,7.75,7.946666667
1457,2024,8.0357142855,2.75,7.663333333
1458,2024,7.280701754500001,3.25,5.213333333
1459,2024,8.2976190475,3.75,7.273333333
1460,2024,7.460526316,3.25,6.27
1461,2024,9.273809524,2.75,7.33
1462,2024,10.0,6.5,7.053333333
1463,2024,9.722222222,10.0,8.113333333
1464,2024,7.794871795,6.25,7.61
1465,2024,8.75,5.75,7.833333333
1466,2024,7.380952381,7.5,8.056666667
1467,2024,9.022556391,9.25,8.28
1468,2024,8.972431078,7.0,7.443333333
1469,2024,9.4444444445,4.75,8.223333333
1470,2024,6.35610766,5.0,5.4125
1471,2024,7.195652174,7.5,7.2425
1472,2024,10.0,8.75,8.1275
1473,2024,8.4368530025,5.25,6.415
1474,2024,7.960662526,7.5,6.2875
1475,2024,8.070175439,5.0,6.993333333
1476,2024,10.0,8.5,8.7525
1477,2024,8.010869565,5.0,6.2875
1478,2024,6.666666667,4.25,7.1225
1479,2024,6.1965811965,4.25,6.0325
1480,2024,8.875,5.5,6.9975
1481,2024,8.782608695499999,4.75,6.8275
1482,2024,5.0,0.0,6.8725
1483,2024,7.913043478500001,6.5,5.7475
1484,2024,10.0,7.0,7.89
1485,2024,7.7432712215,5.0,7.386666667
1486,2024,5.431372549,5.75,7.056666667
1487,2024,9.5652173915,8.25,7.833333333
1488,2024,7.111801242,3.5,6.716666667
1489,2024,5.793478261000001,5.0,5.663333333
1490,2024,9.5652173915,7.75,6.333333333
1491,2024,6.25,6.5,7.78
1492,2024,8.8141025645,8.0,8.45
1493,2024,7.8468899525,4.0,5.946666667
1494,2024,6.7794117645,4.25,5.84
1495,2024,8.318181818,8.25,8.223333333
1496,2024,5.714285714500001,4.25,6.773333333
1497,2024,5.0227272725,2.0,6.996666667
1498,2024,7.840909091,7.0,6.33
1499,2024,9.25,6.5,7.11
1500,2024,8.3333333335,3.5,7.556666667
1501,2024,10.0,5.0,7.5
1502,2024,7.628205128,5.25,7.39
1503,2024,10.0,2.75,7.723333333
1504,2024,4.6136363635,6.75,6.94
1505,2024,7.5252525255,3.75,6.943333333
1506,2024,8.3874458875,3.5,7.886666667
1507,2024,4.448051948,5.0,3.776666667
1508,2024,7.2294372295,9.25,8.166666667
1509,2024,6.5151515155,7.5,7.446666667
1510,2024,9.7727272725,10.0,9.003333333
1511,2024,9.3271221535,8.75,8.556666667
1512,2024,10.0,5.5,7.61
1513,2024,7.5252525255,3.75,7.223333333
1514,2024,7.979797980000001,5.5,7.273333333
1515,2024,6.6666666665,3.5,6.72
1516,2024,5.404288499000001,4.666666666666667,7.5475
1517,2024,4.305555555666667,4.666666666666667,6.7075
1518,2024,5.714285714333333,1.75,6.5825
1519,2024,5.560902255666666,4.833333333333333,7.5025
1520,2024,9.060606060666666,3.75,7.3325
1521,2024,6.157902555,3.1666666666666665,5.4525
1522,2024,10.0,7.0,7.1275
1523,2024,9.283272283333334,8.166666666666666,8.755
1524,2024,2.777777777666667,4.0,6.9175
1525,2024,8.293650793666666,7.0,7.553333333
1526,2024,10.0,3.75,8.1275
1527,2024,10.0,8.0,7.835
1528,2024,7.787878788,5.666666666666667,7.335
1529,2024,7.435897436,5.5,6.964
1530,2024,2.5238095237666665,2.833333333333333,5.258
1531,2024,7.972686733666666,5.833333333333333,7.14
1532,2024,3.905723905333333,2.0,6.832
1533,2024,9.710144927666668,9.5,8.3375
1534,2024,9.666666666666666,1.1666666666666667,8.0825
1535,2024,5.103121516333333,5.833333333333333,7.9175
1536,2024,8.722222222333334,7.0,7.4575
1537,2024,8.33064949,8.666666666666666,8.67
1538,2024,7.935185184999999,7.166666666666667,7.106666667
1539,2024,9.027777777666666,6.833333333333333,7.056666667
1540,2024,5.0,2.6666666666666665,6.83
1541,2024,8.633333333333333,8.166666666666666,7.736
1542,2024,6.304873294333333,3.1666666666666665,6.966
1543,2024,8.076923077,5.0,7.066
1544,2024,8.674509804,5.833333333333333,6.598
1545,2024,6.210826211,8.166666666666666,6.165
1546,2024,6.374643874666667,4.666666666666667,6.17
1547,2024,6.467236467333334,6.666666666666667,6.335
1548,2024,5.242165242,4.833333333333333,5.665
1549,2024,7.441394335666668,4.166666666666667,6.325
1550,2024,5.222222222,4.333333333333333,6.2025
1551,2024,4.771043771,3.5,6.79
1552,2024,9.743589743666666,3.1666666666666665,7.165
1553,2024,9.003921568666668,4.333333333333333,7.78
1554,2024,9.629629629666669,4.0,7.22
1555,2024,10.0,3.0,8.056666667
1556,2024,5.222222222333333,4.0,7.44
1557,2024,8.916666666666666,7.0,7.72
1558,2024,8.705360238666666,5.5,8.302
1559,2024,5.2929755216666665,4.666666666666667,7.604
1560,2024,9.206349206333334,8.166666666666666,8.336
1561,2024,9.174603174666666,9.0,7.734
1562,2024,8.666666666666666,0.5,6.8725
1563,2024,8.305555555666666,7.0,8.46
1564,2024,4.942067736333334,2.1666666666666665,5.2875
1565,2024,8.102240896333333,5.5,6.0375
1566,2024,9.247219355666669,6.5,8.335
1567,2024,8.771043771,8.166666666666666,8.335
1568,2024,7.493464052333334,8.166666666666666,8.5025
1569,2024,7.111111111333334,2.1666666666666665,6.9175
1570,2024,7.542087542,8.333333333333334,8.6725
1571,2024,9.111111111333337,5.666666666666667,8.545
1572,2024,9.841269841333334,7.5,8.393333333
1573,2024,6.120448179333334,5.0,8.556666667
1574,2024,8.399470899666667,7.333333333333333,8.616666667
1575,2024,8.624338624,5.333333333333333,8.28
1576,2024,9.523809523666666,6.666666666666667,8.44
1577,2024,4.993386243333333,4.333333333333333,7.273333333
1578,2024,6.761695906666667,7.333333333333333,8.636
1579,2024,9.090261887,7.166666666666667,9.272
1580,2024,9.049953314666666,6.166666666666667,9.168
1581,2024,7.834844760666667,6.333333333333333,7.386666667
1582,2024,8.069444444333334,4.5,6.666666667
1583,2024,7.753623188333333,8.166666666666666,9.006666667
1584,2024,9.153439153333332,5.5,8.1675
1585,2024,6.775210084333334,4.0,7.7925
1586,2024,6.128654970666666,5.666666666666667,7.54
1587,2024,10.0,3.75,8.2075
1588,2024,8.640618640666666,4.0,7.415
1589,2024,6.259259259333334,2.5,7.54
1590,2024,8.267770876333332,8.666666666666666,8.806
1591,2024,6.430976431,3.5,7.064
1592,2024,6.854727398333334,5.5,7.432
1593,2024,4.868875086666667,6.5,8.538
1594,2024,6.112836439,3.0,5.996
1595,2024,7.949735449666666,2.333333333333333,7.021666667
1596,2024,10.0,3.333333333333333,8.226666667
1597,2024,8.412698412666666,2.833333333333333,8.28
1598,2024,8.857142857,7.5,8.236
1599,2024,9.666666666666666,6.5,7.566
1600,2024,8.425925926,5.666666666666667,6.03
1601,2024,7.0,6.5,8.335
1602,2024,8.782407407333332,7.166666666666667,7.875
1603,2024,9.259259258999998,8.333333333333334,7.835
1604,2024,7.777777778,8.5,8.88
1605,2024,5.0694444443333335,2.5,7.028
1606,2024,5.148148148,2.5,7.132
1607,2024,6.222222222333333,0.0,6.762
1608,2024,7.199074074333335,5.0,6.83
1609,2024,9.666666666666666,6.0,7.943333333
1610,2024,7.753697970666667,5.166666666666667,6.106666667
1611,2024,8.361426442,4.5,5.886666667
1612,2024,8.523809523666666,6.166666666666667,6.94
1613,2024,7.1428571430000005,3.0,6.216666667
1614,2024,6.574494949666668,6.5,7.11
1615,2024,9.833333333333334,8.333333333333334,7.4575
1616,2024,8.436274509666667,6.166666666666667,7.12
1617,2024,5.571428571333333,3.25,6.1175
1618,2024,7.908496732000001,6.333333333333333,6.83
1619,2024,9.259259259333334,4.25,7.205
1620,2024,6.666666666666667,5.166666666666667,7.05
1621,2024,10.0,8.333333333333334,8.446666667
1622,2024,10.0,9.666666666666666,7.89
1623,2024,8.518518518666667,6.0,7.666
1624,2024,9.460317460333334,7.5,7.636
1625,2024,7.112887113,4.333333333333333,6.896
1626,2024,9.696969697,7.333333333333333,8.404
1627,2024,7.777777777666667,7.833333333333333,8.172
1628,2024,8.509823509666667,5.833333333333333,6.798
1629,2024,8.645502645666667,7.25,7.266
1630,2024,9.833333333333334,7.333333333333333,8.702
1631,2024,10.0,7.166666666666667,8.468
1632,2024,10.0,6.666666666666667,8.066
1633,2024,,,
1634,2024,,,
1635,2024,,,
1636,2024,,,
1637,2024,0.0,,
1638,2024,0.0,,
1639,2024,0.0,,
1640,2024,0.0,,
1641,2024,0.0,,
1642,2024,0.0,,
1643,2024,0.0,,
1644,2024,0.0,,
1645,2024,0.0,,
1646,2024,0.0,,
1647,2024,0.0,,
1648,2024,0.0,,
1649,2024,0.0,,
1650,2024,0.0,,
1651,2024,0.0,,
1652,2024,0.0,,
1653,2024,0.0,,
1654,2024,0.0,,
1655,2024,0.0,,
1656,2024,0.0,,
1657,2024,0.0,,
1658,2024,0.0,,
1659,2024,0.0,,
1660,2024,0.0,,
1661,2024,0.0,,
